organ,pollutant,pollutant_term,stage,fold,n_train,n_test,adverse_test,cv_concordance
HR,PM2.5 per 5 ug/m3,pm25_prior_1y_5ug,pollutant_only,1,58816,14681,2032,0.5496954658082567
HR,PM2.5 per 5 ug/m3,pm25_prior_1y_5ug,pollutant_only,2,58820,14677,2021,0.5319714485167647
HR,PM2.5 per 5 ug/m3,pm25_prior_1y_5ug,pollutant_only,3,58806,14691,1989,0.5354642326840131
HR,PM2.5 per 5 ug/m3,pm25_prior_1y_5ug,pollutant_only,4,58789,14708,2013,0.539159498109295
HR,PM2.5 per 5 ug/m3,pm25_prior_1y_5ug,pollutant_only,5,58757,14740,1974,0.5449601937122541
HR,PM2.5 per 5 ug/m3,pm25_prior_1y_5ug,demographics_year,1,58816,14681,2032,0.5672987264606535
HR,PM2.5 per 5 ug/m3,pm25_prior_1y_5ug,demographics_year,2,58820,14677,2021,0.5435404094548189
HR,PM2.5 per 5 ug/m3,pm25_prior_1y_5ug,demographics_year,3,58806,14691,1989,0.5592112626768196
HR,PM2.5 per 5 ug/m3,pm25_prior_1y_5ug,demographics_year,4,58789,14708,2013,0.5499733351874353
HR,PM2.5 per 5 ug/m3,pm25_prior_1y_5ug,demographics_year,5,58757,14740,1974,0.5668392264332538
HR,PM2.5 per 5 ug/m3,pm25_prior_1y_5ug,clinical_score,1,58816,14681,2032,0.6563653387927133
HR,PM2.5 per 5 ug/m3,pm25_prior_1y_5ug,clinical_score,2,58820,14677,2021,0.6226184773302545
HR,PM2.5 per 5 ug/m3,pm25_prior_1y_5ug,clinical_score,3,58806,14691,1989,0.6467319884150913
HR,PM2.5 per 5 ug/m3,pm25_prior_1y_5ug,clinical_score,4,58789,14708,2013,0.6375402095067533
HR,PM2.5 per 5 ug/m3,pm25_prior_1y_5ug,clinical_score,5,58757,14740,1974,0.6541159008208766
HR,PM2.5 per 5 ug/m3,pm25_prior_1y_5ug,optn_region,1,58816,14681,2032,0.6591310038810605
HR,PM2.5 per 5 ug/m3,pm25_prior_1y_5ug,optn_region,2,58820,14677,2021,0.626407783800098
HR,PM2.5 per 5 ug/m3,pm25_prior_1y_5ug,optn_region,3,58806,14691,1989,0.6479740464692502
HR,PM2.5 per 5 ug/m3,pm25_prior_1y_5ug,optn_region,4,58789,14708,2013,0.6403072825710976
HR,PM2.5 per 5 ug/m3,pm25_prior_1y_5ug,optn_region,5,58757,14740,1974,0.6525298370100442
HR,PM2.5 per 5 ug/m3,pm25_prior_1y_5ug,community,1,58816,14681,2032,0.658847691145199
HR,PM2.5 per 5 ug/m3,pm25_prior_1y_5ug,community,2,58820,14677,2021,0.6259754333420382
HR,PM2.5 per 5 ug/m3,pm25_prior_1y_5ug,community,3,58806,14691,1989,0.6482613866147345
HR,PM2.5 per 5 ug/m3,pm25_prior_1y_5ug,community,4,58789,14708,2013,0.6410578019688415
HR,PM2.5 per 5 ug/m3,pm25_prior_1y_5ug,community,5,58757,14740,1974,0.6526443467169039
HR,Ozone per 10 ppb,o3_prior_1y_10ppb,pollutant_only,1,58816,14681,2032,0.5200744892900946
HR,Ozone per 10 ppb,o3_prior_1y_10ppb,pollutant_only,2,58820,14677,2021,0.5362093150006602
HR,Ozone per 10 ppb,o3_prior_1y_10ppb,pollutant_only,3,58806,14691,1989,0.5255517683088701
HR,Ozone per 10 ppb,o3_prior_1y_10ppb,pollutant_only,4,58789,14708,2013,0.5150939604417272
HR,Ozone per 10 ppb,o3_prior_1y_10ppb,pollutant_only,5,58757,14740,1974,0.531040629326264
HR,Ozone per 10 ppb,o3_prior_1y_10ppb,demographics_year,1,58816,14681,2032,0.5653169052745488
HR,Ozone per 10 ppb,o3_prior_1y_10ppb,demographics_year,2,58820,14677,2021,0.5445710072869127
HR,Ozone per 10 ppb,o3_prior_1y_10ppb,demographics_year,3,58806,14691,1989,0.5606773946681852
HR,Ozone per 10 ppb,o3_prior_1y_10ppb,demographics_year,4,58789,14708,2013,0.5463044921282193
HR,Ozone per 10 ppb,o3_prior_1y_10ppb,demographics_year,5,58757,14740,1974,0.5676433291013449
HR,Ozone per 10 ppb,o3_prior_1y_10ppb,clinical_score,1,58816,14681,2032,0.65556169539813
HR,Ozone per 10 ppb,o3_prior_1y_10ppb,clinical_score,2,58820,14677,2021,0.6227233373783109
HR,Ozone per 10 ppb,o3_prior_1y_10ppb,clinical_score,3,58806,14691,1989,0.6472567603283003
HR,Ozone per 10 ppb,o3_prior_1y_10ppb,clinical_score,4,58789,14708,2013,0.63566859223289
HR,Ozone per 10 ppb,o3_prior_1y_10ppb,clinical_score,5,58757,14740,1974,0.6540995742415783
HR,Ozone per 10 ppb,o3_prior_1y_10ppb,optn_region,1,58816,14681,2032,0.65831504880214875
HR,Ozone per 10 ppb,o3_prior_1y_10ppb,optn_region,2,58820,14677,2021,0.6256752696613845
HR,Ozone per 10 ppb,o3_prior_1y_10ppb,optn_region,3,58806,14691,1989,0.6483933502371051
HR,Ozone per 10 ppb,o3_prior_1y_10ppb,optn_region,4,58789,14708,2013,0.6388799820705626
HR,Ozone per 10 ppb,o3_prior_1y_10ppb,optn_region,5,58757,14740,1974,0.6518140767915812
HR,Ozone per 10 ppb,o3_prior_1y_10ppb,community,1,58816,14681,2032,0.6578274053053279
HR,Ozone per 10 ppb,o3_prior_1y_10ppb,community,2,58820,14677,2021,0.6254748019224533
HR,Ozone per 10 ppb,o3_prior_1y_10ppb,community,3,58806,14691,1989,0.6487897548669292
HR,Ozone per 10 ppb,o3_prior_1y_10ppb,community,4,58789,14708,2013,0.6399380830568994
HR,Ozone per 10 ppb,o3_prior_1y_10ppb,community,5,58757,14740,1974,0.651964668984196
HR,NO2 per 10-unit increase,no2_prior_1y_10unit,pollutant_only,1,58816,14681,2032,0.5138053580306201
HR,NO2 per 10-unit increase,no2_prior_1y_10unit,pollutant_only,2,58820,14677,2021,0.5070453472370202
HR,NO2 per 10-unit increase,no2_prior_1y_10unit,pollutant_only,3,58806,14691,1989,0.5053758662314558
HR,NO2 per 10-unit increase,no2_prior_1y_10unit,pollutant_only,4,58789,14708,2013,0.51847111628892
HR,NO2 per 10-unit increase,no2_prior_1y_10unit,pollutant_only,5,58757,14740,1974,0.5093375359986163
HR,NO2 per 10-unit increase,no2_prior_1y_10unit,demographics_year,1,58816,14681,2032,0.5656267133310702
HR,NO2 per 10-unit increase,no2_prior_1y_10unit,demographics_year,2,58820,14677,2021,0.5431855205917664
HR,NO2 per 10-unit increase,no2_prior_1y_10unit,demographics_year,3,58806,14691,1989,0.5608642575060916
HR,NO2 per 10-unit increase,no2_prior_1y_10unit,demographics_year,4,58789,14708,2013,0.5461760307285474
HR,NO2 per 10-unit increase,no2_prior_1y_10unit,demographics_year,5,58757,14740,1974,0.5668386300285305
HR,NO2 per 10-unit increase,no2_prior_1y_10unit,clinical_score,1,58816,14681,2032,0.6560783541509996
HR,NO2 per 10-unit increase,no2_prior_1y_10unit,clinical_score,2,58820,14677,2021,0.6218534006321583
HR,NO2 per 10-unit increase,no2_prior_1y_10unit,clinical_score,3,58806,14691,1989,0.6470304845508984
HR,NO2 per 10-unit increase,no2_prior_1y_10unit,clinical_score,4,58789,14708,2013,0.6361164652822544
HR,NO2 per 10-unit increase,no2_prior_1y_10unit,clinical_score,5,58757,14740,1974,0.653389703519757
HR,NO2 per 10-unit increase,no2_prior_1y_10unit,optn_region,1,58816,14681,2032,0.6584737327334927
HR,NO2 per 10-unit increase,no2_prior_1y_10unit,optn_region,2,58820,14677,2021,0.6259526252057305
HR,NO2 per 10-unit increase,no2_prior_1y_10unit,optn_region,3,58806,14691,1989,0.6481123954281871
HR,NO2 per 10-unit increase,no2_prior_1y_10unit,optn_region,4,58789,14708,2013,0.639337290137982
HR,NO2 per 10-unit increase,no2_prior_1y_10unit,optn_region,5,58757,14740,1974,0.6512699320322267
HR,NO2 per 10-unit increase,no2_prior_1y_10unit,community,1,58816,14681,2032,0.6580991983365546
HR,NO2 per 10-unit increase,no2_prior_1y_10unit,community,2,58820,14677,2021,0.6255450911475526
HR,NO2 per 10-unit increase,no2_prior_1y_10unit,community,3,58806,14691,1989,0.6483651666826056
HR,NO2 per 10-unit increase,no2_prior_1y_10unit,community,4,58789,14708,2013,0.640406350260675
HR,NO2 per 10-unit increase,no2_prior_1y_10unit,community,5,58757,14740,1974,0.6517421354718419
KI,PM2.5 per 5 ug/m3,pm25_prior_1y_5ug,pollutant_only,1,541342,135859,25494,0.49129892737415515
KI,PM2.5 per 5 ug/m3,pm25_prior_1y_5ug,pollutant_only,2,541996,135205,25634,0.49453574114008714
KI,PM2.5 per 5 ug/m3,pm25_prior_1y_5ug,pollutant_only,3,541517,135684,25847,0.49286454145225544
KI,PM2.5 per 5 ug/m3,pm25_prior_1y_5ug,pollutant_only,4,542034,135167,25392,0.49500260605364194
KI,PM2.5 per 5 ug/m3,pm25_prior_1y_5ug,pollutant_only,5,541915,135286,25467,0.49457530201515815
KI,PM2.5 per 5 ug/m3,pm25_prior_1y_5ug,demographics_year,1,541342,135859,25494,0.6488673504860356
KI,PM2.5 per 5 ug/m3,pm25_prior_1y_5ug,demographics_year,2,541996,135205,25634,0.6492592002787823
KI,PM2.5 per 5 ug/m3,pm25_prior_1y_5ug,demographics_year,3,541517,135684,25847,0.650678702463678
KI,PM2.5 per 5 ug/m3,pm25_prior_1y_5ug,demographics_year,4,542034,135167,25392,0.6501276708328956
KI,PM2.5 per 5 ug/m3,pm25_prior_1y_5ug,demographics_year,5,541915,135286,25467,0.6511824734119707
KI,PM2.5 per 5 ug/m3,pm25_prior_1y_5ug,clinical_score,1,541342,135859,25494,0.6483099209030418
KI,PM2.5 per 5 ug/m3,pm25_prior_1y_5ug,clinical_score,2,541996,135205,25634,0.6484273247265239
KI,PM2.5 per 5 ug/m3,pm25_prior_1y_5ug,clinical_score,3,541517,135684,25847,0.6493207625047739
KI,PM2.5 per 5 ug/m3,pm25_prior_1y_5ug,clinical_score,4,542034,135167,25392,0.6495436722768142
KI,PM2.5 per 5 ug/m3,pm25_prior_1y_5ug,clinical_score,5,541915,135286,25467,0.6497965303480775
KI,PM2.5 per 5 ug/m3,pm25_prior_1y_5ug,optn_region,1,541342,135859,25494,0.6498545660652968
KI,PM2.5 per 5 ug/m3,pm25_prior_1y_5ug,optn_region,2,541996,135205,25634,0.6512503158497974
KI,PM2.5 per 5 ug/m3,pm25_prior_1y_5ug,optn_region,3,541517,135684,25847,0.6513999386430884
KI,PM2.5 per 5 ug/m3,pm25_prior_1y_5ug,optn_region,4,542034,135167,25392,0.6523098516684622
KI,PM2.5 per 5 ug/m3,pm25_prior_1y_5ug,optn_region,5,541915,135286,25467,0.6531627244505313
KI,PM2.5 per 5 ug/m3,pm25_prior_1y_5ug,community,1,541342,135859,25494,0.6523018420773767
KI,PM2.5 per 5 ug/m3,pm25_prior_1y_5ug,community,2,541996,135205,25634,0.6534896525648282
KI,PM2.5 per 5 ug/m3,pm25_prior_1y_5ug,community,3,541517,135684,25847,0.6528152856380607
KI,PM2.5 per 5 ug/m3,pm25_prior_1y_5ug,community,4,542034,135167,25392,0.6541355295010636
KI,PM2.5 per 5 ug/m3,pm25_prior_1y_5ug,community,5,541915,135286,25467,0.6547808821764264
KI,Ozone per 10 ppb,o3_prior_1y_10ppb,pollutant_only,1,541342,135859,25494,0.4923271713690304
KI,Ozone per 10 ppb,o3_prior_1y_10ppb,pollutant_only,2,541996,135205,25634,0.49238019107755926
KI,Ozone per 10 ppb,o3_prior_1y_10ppb,pollutant_only,3,541517,135684,25847,0.4956751391191046
KI,Ozone per 10 ppb,o3_prior_1y_10ppb,pollutant_only,4,542034,135167,25392,0.4887846676666171
KI,Ozone per 10 ppb,o3_prior_1y_10ppb,pollutant_only,5,541915,135286,25467,0.4979664332571022
KI,Ozone per 10 ppb,o3_prior_1y_10ppb,demographics_year,1,541342,135859,25494,0.6489123538545883
KI,Ozone per 10 ppb,o3_prior_1y_10ppb,demographics_year,2,541996,135205,25634,0.6488916895046679
KI,Ozone per 10 ppb,o3_prior_1y_10ppb,demographics_year,3,541517,135684,25847,0.6510228901871917
KI,Ozone per 10 ppb,o3_prior_1y_10ppb,demographics_year,4,542034,135167,25392,0.6501074468696738
KI,Ozone per 10 ppb,o3_prior_1y_10ppb,demographics_year,5,541915,135286,25467,0.6512363356175145
KI,Ozone per 10 ppb,o3_prior_1y_10ppb,clinical_score,1,541342,135859,25494,0.6483841305420894
KI,Ozone per 10 ppb,o3_prior_1y_10ppb,clinical_score,2,541996,135205,25634,0.6480938625863283
KI,Ozone per 10 ppb,o3_prior_1y_10ppb,clinical_score,3,541517,135684,25847,0.6497377981568678
KI,Ozone per 10 ppb,o3_prior_1y_10ppb,clinical_score,4,542034,135167,25392,0.6495664372746894
KI,Ozone per 10 ppb,o3_prior_1y_10ppb,clinical_score,5,541915,135286,25467,0.6499007700904114
KI,Ozone per 10 ppb,o3_prior_1y_10ppb,optn_region,1,541342,135859,25494,0.6499350546664852
KI,Ozone per 10 ppb,o3_prior_1y_10ppb,optn_region,2,541996,135205,25634,0.651101613557115
KI,Ozone per 10 ppb,o3_prior_1y_10ppb,optn_region,3,541517,135684,25847,0.6517342641041617
KI,Ozone per 10 ppb,o3_prior_1y_10ppb,optn_region,4,542034,135167,25392,0.6523869990350266
KI,Ozone per 10 ppb,o3_prior_1y_10ppb,optn_region,5,541915,135286,25467,0.653133701661209
KI,Ozone per 10 ppb,o3_prior_1y_10ppb,community,1,541342,135859,25494,0.6524125902679522
KI,Ozone per 10 ppb,o3_prior_1y_10ppb,community,2,541996,135205,25634,0.653471946231595
KI,Ozone per 10 ppb,o3_prior_1y_10ppb,community,3,541517,135684,25847,0.6528958969254359
KI,Ozone per 10 ppb,o3_prior_1y_10ppb,community,4,542034,135167,25392,0.6540571501383579
KI,Ozone per 10 ppb,o3_prior_1y_10ppb,community,5,541915,135286,25467,0.6548350950961404
KI,NO2 per 10-unit increase,no2_prior_1y_10unit,pollutant_only,1,541342,135859,25494,0.5172252454122921
KI,NO2 per 10-unit increase,no2_prior_1y_10unit,pollutant_only,2,541996,135205,25634,0.5161361294073024
KI,NO2 per 10-unit increase,no2_prior_1y_10unit,pollutant_only,3,541517,135684,25847,0.5159674883496896
KI,NO2 per 10-unit increase,no2_prior_1y_10unit,pollutant_only,4,542034,135167,25392,0.519041337945137
KI,NO2 per 10-unit increase,no2_prior_1y_10unit,pollutant_only,5,541915,135286,25467,0.5143371077650858
KI,NO2 per 10-unit increase,no2_prior_1y_10unit,demographics_year,1,541342,135859,25494,0.649580018731004
KI,NO2 per 10-unit increase,no2_prior_1y_10unit,demographics_year,2,541996,135205,25634,0.6498551798148582
KI,NO2 per 10-unit increase,no2_prior_1y_10unit,demographics_year,3,541517,135684,25847,0.6515450370384122
KI,NO2 per 10-unit increase,no2_prior_1y_10unit,demographics_year,4,542034,135167,25392,0.6511007688144766
KI,NO2 per 10-unit increase,no2_prior_1y_10unit,demographics_year,5,541915,135286,25467,0.6515421413488754
KI,NO2 per 10-unit increase,no2_prior_1y_10unit,clinical_score,1,541342,135859,25494,0.6490489439385849
KI,NO2 per 10-unit increase,no2_prior_1y_10unit,clinical_score,2,541996,135205,25634,0.6490112841856944
KI,NO2 per 10-unit increase,no2_prior_1y_10unit,clinical_score,3,541517,135684,25847,0.6502466046760766
KI,NO2 per 10-unit increase,no2_prior_1y_10unit,clinical_score,4,542034,135167,25392,0.6504882877621018
KI,NO2 per 10-unit increase,no2_prior_1y_10unit,clinical_score,5,541915,135286,25467,0.6501729780852757
KI,NO2 per 10-unit increase,no2_prior_1y_10unit,optn_region,1,541342,135859,25494,0.6503800104016617
KI,NO2 per 10-unit increase,no2_prior_1y_10unit,optn_region,2,541996,135205,25634,0.6516854633049871
KI,NO2 per 10-unit increase,no2_prior_1y_10unit,optn_region,3,541517,135684,25847,0.6521184383611308
KI,NO2 per 10-unit increase,no2_prior_1y_10unit,optn_region,4,542034,135167,25392,0.6530613389750093
KI,NO2 per 10-unit increase,no2_prior_1y_10unit,optn_region,5,541915,135286,25467,0.6534896581568963
KI,NO2 per 10-unit increase,no2_prior_1y_10unit,community,1,541342,135859,25494,0.6524191679725448
KI,NO2 per 10-unit increase,no2_prior_1y_10unit,community,2,541996,135205,25634,0.6535457023279359
KI,NO2 per 10-unit increase,no2_prior_1y_10unit,community,3,541517,135684,25847,0.6530780250311603
KI,NO2 per 10-unit increase,no2_prior_1y_10unit,community,4,542034,135167,25392,0.6543427100718738
KI,NO2 per 10-unit increase,no2_prior_1y_10unit,community,5,541915,135286,25467,0.6549476580007787
LI,PM2.5 per 5 ug/m3,pm25_prior_1y_5ug,pollutant_only,1,173807,43437,8439,0.5219390808389142
LI,PM2.5 per 5 ug/m3,pm25_prior_1y_5ug,pollutant_only,2,173789,43455,8525,0.5175104679360929
LI,PM2.5 per 5 ug/m3,pm25_prior_1y_5ug,pollutant_only,3,173804,43440,8434,0.5198286613849695
LI,PM2.5 per 5 ug/m3,pm25_prior_1y_5ug,pollutant_only,4,173821,43423,8601,0.5099442973052094
LI,PM2.5 per 5 ug/m3,pm25_prior_1y_5ug,pollutant_only,5,173755,43489,8685,0.5143280699412549
LI,PM2.5 per 5 ug/m3,pm25_prior_1y_5ug,demographics_year,1,173807,43437,8439,0.5538780691345853
LI,PM2.5 per 5 ug/m3,pm25_prior_1y_5ug,demographics_year,2,173789,43455,8525,0.5448364518886972
LI,PM2.5 per 5 ug/m3,pm25_prior_1y_5ug,demographics_year,3,173804,43440,8434,0.542902579201268
LI,PM2.5 per 5 ug/m3,pm25_prior_1y_5ug,demographics_year,4,173821,43423,8601,0.5451053787986081
LI,PM2.5 per 5 ug/m3,pm25_prior_1y_5ug,demographics_year,5,173755,43489,8685,0.5444723544928232
LI,PM2.5 per 5 ug/m3,pm25_prior_1y_5ug,clinical_score,1,173807,43437,8439,0.7560521191588262
LI,PM2.5 per 5 ug/m3,pm25_prior_1y_5ug,clinical_score,2,173789,43455,8525,0.7553840859063812
LI,PM2.5 per 5 ug/m3,pm25_prior_1y_5ug,clinical_score,3,173804,43440,8434,0.7594113404090119
LI,PM2.5 per 5 ug/m3,pm25_prior_1y_5ug,clinical_score,4,173821,43423,8601,0.753358560629243
LI,PM2.5 per 5 ug/m3,pm25_prior_1y_5ug,clinical_score,5,173755,43489,8685,0.7541340652940975
LI,PM2.5 per 5 ug/m3,pm25_prior_1y_5ug,optn_region,1,173807,43437,8439,0.7564184702233453
LI,PM2.5 per 5 ug/m3,pm25_prior_1y_5ug,optn_region,2,173789,43455,8525,0.7553199795285415
LI,PM2.5 per 5 ug/m3,pm25_prior_1y_5ug,optn_region,3,173804,43440,8434,0.7594998558668579
LI,PM2.5 per 5 ug/m3,pm25_prior_1y_5ug,optn_region,4,173821,43423,8601,0.7540655969726529
LI,PM2.5 per 5 ug/m3,pm25_prior_1y_5ug,optn_region,5,173755,43489,8685,0.7544289247158135
LI,PM2.5 per 5 ug/m3,pm25_prior_1y_5ug,community,1,173807,43437,8439,0.757015462597227
LI,PM2.5 per 5 ug/m3,pm25_prior_1y_5ug,community,2,173789,43455,8525,0.7561784249282227
LI,PM2.5 per 5 ug/m3,pm25_prior_1y_5ug,community,3,173804,43440,8434,0.7602780044427208
LI,PM2.5 per 5 ug/m3,pm25_prior_1y_5ug,community,4,173821,43423,8601,0.755101522193335
LI,PM2.5 per 5 ug/m3,pm25_prior_1y_5ug,community,5,173755,43489,8685,0.7547750989617725
LI,Ozone per 10 ppb,o3_prior_1y_10ppb,pollutant_only,1,173807,43437,8439,0.5046618429939888
LI,Ozone per 10 ppb,o3_prior_1y_10ppb,pollutant_only,2,173789,43455,8525,0.5008547496883202
LI,Ozone per 10 ppb,o3_prior_1y_10ppb,pollutant_only,3,173804,43440,8434,0.505034162627825
LI,Ozone per 10 ppb,o3_prior_1y_10ppb,pollutant_only,4,173821,43423,8601,0.5046741235976855
LI,Ozone per 10 ppb,o3_prior_1y_10ppb,pollutant_only,5,173755,43489,8685,0.5092990576925576
LI,Ozone per 10 ppb,o3_prior_1y_10ppb,demographics_year,1,173807,43437,8439,0.5533397383180886
LI,Ozone per 10 ppb,o3_prior_1y_10ppb,demographics_year,2,173789,43455,8525,0.5440606549342488
LI,Ozone per 10 ppb,o3_prior_1y_10ppb,demographics_year,3,173804,43440,8434,0.5424509133391953
LI,Ozone per 10 ppb,o3_prior_1y_10ppb,demographics_year,4,173821,43423,8601,0.5454089685314747
LI,Ozone per 10 ppb,o3_prior_1y_10ppb,demographics_year,5,173755,43489,8685,0.5443993218268739
LI,Ozone per 10 ppb,o3_prior_1y_10ppb,clinical_score,1,173807,43437,8439,0.7560181947702429
LI,Ozone per 10 ppb,o3_prior_1y_10ppb,clinical_score,2,173789,43455,8525,0.75543857194229
LI,Ozone per 10 ppb,o3_prior_1y_10ppb,clinical_score,3,173804,43440,8434,0.7593698926221784
LI,Ozone per 10 ppb,o3_prior_1y_10ppb,clinical_score,4,173821,43423,8601,0.753450937266912
LI,Ozone per 10 ppb,o3_prior_1y_10ppb,clinical_score,5,173755,43489,8685,0.7541223410852896
LI,Ozone per 10 ppb,o3_prior_1y_10ppb,optn_region,1,173807,43437,8439,0.7563588326001136
LI,Ozone per 10 ppb,o3_prior_1y_10ppb,optn_region,2,173789,43455,8525,0.7554271188662471
LI,Ozone per 10 ppb,o3_prior_1y_10ppb,optn_region,3,173804,43440,8434,0.7595036775098077
LI,Ozone per 10 ppb,o3_prior_1y_10ppb,optn_region,4,173821,43423,8601,0.754104719791552
LI,Ozone per 10 ppb,o3_prior_1y_10ppb,optn_region,5,173755,43489,8685,0.7543468020965366
LI,Ozone per 10 ppb,o3_prior_1y_10ppb,community,1,173807,43437,8439,0.7569879863436431
LI,Ozone per 10 ppb,o3_prior_1y_10ppb,community,2,173789,43455,8525,0.7561951009940532
LI,Ozone per 10 ppb,o3_prior_1y_10ppb,community,3,173804,43440,8434,0.7602306112018076
LI,Ozone per 10 ppb,o3_prior_1y_10ppb,community,4,173821,43423,8601,0.755124920694388
LI,Ozone per 10 ppb,o3_prior_1y_10ppb,community,5,173755,43489,8685,0.7547743960998843
LI,NO2 per 10-unit increase,no2_prior_1y_10unit,pollutant_only,1,173807,43437,8439,0.5189034947043273
LI,NO2 per 10-unit increase,no2_prior_1y_10unit,pollutant_only,2,173789,43455,8525,0.5126382078100796
LI,NO2 per 10-unit increase,no2_prior_1y_10unit,pollutant_only,3,173804,43440,8434,0.5133648148270984
LI,NO2 per 10-unit increase,no2_prior_1y_10unit,pollutant_only,4,173821,43423,8601,0.5105600908327305
LI,NO2 per 10-unit increase,no2_prior_1y_10unit,pollutant_only,5,173755,43489,8685,0.5163678135325129
LI,NO2 per 10-unit increase,no2_prior_1y_10unit,demographics_year,1,173807,43437,8439,0.5536590826614731
LI,NO2 per 10-unit increase,no2_prior_1y_10unit,demographics_year,2,173789,43455,8525,0.5444266029425218
LI,NO2 per 10-unit increase,no2_prior_1y_10unit,demographics_year,3,173804,43440,8434,0.5425091568816683
LI,NO2 per 10-unit increase,no2_prior_1y_10unit,demographics_year,4,173821,43423,8601,0.5456568995499008
LI,NO2 per 10-unit increase,no2_prior_1y_10unit,demographics_year,5,173755,43489,8685,0.5446767691742495
LI,NO2 per 10-unit increase,no2_prior_1y_10unit,clinical_score,1,173807,43437,8439,0.7560166025628305
LI,NO2 per 10-unit increase,no2_prior_1y_10unit,clinical_score,2,173789,43455,8525,0.7554092179533618
LI,NO2 per 10-unit increase,no2_prior_1y_10unit,clinical_score,3,173804,43440,8434,0.7593595960937211
LI,NO2 per 10-unit increase,no2_prior_1y_10unit,clinical_score,4,173821,43423,8601,0.7534714833110654
LI,NO2 per 10-unit increase,no2_prior_1y_10unit,clinical_score,5,173755,43489,8685,0.754126404690156
LI,NO2 per 10-unit increase,no2_prior_1y_10unit,optn_region,1,173807,43437,8439,0.7563626941606196
LI,NO2 per 10-unit increase,no2_prior_1y_10unit,optn_region,2,173789,43455,8525,0.7554114105808059
LI,NO2 per 10-unit increase,no2_prior_1y_10unit,optn_region,3,173804,43440,8434,0.7594883605109147
LI,NO2 per 10-unit increase,no2_prior_1y_10unit,optn_region,4,173821,43423,8601,0.7541999190487054
LI,NO2 per 10-unit increase,no2_prior_1y_10unit,optn_region,5,173755,43489,8685,0.7543642259836818
LI,NO2 per 10-unit increase,no2_prior_1y_10unit,community,1,173807,43437,8439,0.756988266962574
LI,NO2 per 10-unit increase,no2_prior_1y_10unit,community,2,173789,43455,8525,0.7562178438331981
LI,NO2 per 10-unit increase,no2_prior_1y_10unit,community,3,173804,43440,8434,0.7602492508393162
LI,NO2 per 10-unit increase,no2_prior_1y_10unit,community,4,173821,43423,8601,0.7552083401399937
LI,NO2 per 10-unit increase,no2_prior_1y_10unit,community,5,173755,43489,8685,0.7547883233967956
LU,PM2.5 per 5 ug/m3,pm25_prior_1y_5ug,pollutant_only,1,37269,9345,1166,0.5231113519508419
LU,PM2.5 per 5 ug/m3,pm25_prior_1y_5ug,pollutant_only,2,37291,9323,1146,0.536803596513524
LU,PM2.5 per 5 ug/m3,pm25_prior_1y_5ug,pollutant_only,3,37299,9315,1179,0.5268517920606087
LU,PM2.5 per 5 ug/m3,pm25_prior_1y_5ug,pollutant_only,4,37306,9308,1082,0.5002068973027125
LU,PM2.5 per 5 ug/m3,pm25_prior_1y_5ug,pollutant_only,5,37291,9323,1135,0.5310428784408919
LU,PM2.5 per 5 ug/m3,pm25_prior_1y_5ug,demographics_year,1,37269,9345,1166,0.5434455458336911
LU,PM2.5 per 5 ug/m3,pm25_prior_1y_5ug,demographics_year,2,37291,9323,1146,0.566508932185679
LU,PM2.5 per 5 ug/m3,pm25_prior_1y_5ug,demographics_year,3,37299,9315,1179,0.5389604942313083
LU,PM2.5 per 5 ug/m3,pm25_prior_1y_5ug,demographics_year,4,37306,9308,1082,0.5304234316639987
LU,PM2.5 per 5 ug/m3,pm25_prior_1y_5ug,demographics_year,5,37291,9323,1135,0.564484450658055
LU,PM2.5 per 5 ug/m3,pm25_prior_1y_5ug,clinical_score,1,37269,9345,1166,0.6884776980715077
LU,PM2.5 per 5 ug/m3,pm25_prior_1y_5ug,clinical_score,2,37291,9323,1146,0.67942088015422
LU,PM2.5 per 5 ug/m3,pm25_prior_1y_5ug,clinical_score,3,37299,9315,1179,0.6854938850249295
LU,PM2.5 per 5 ug/m3,pm25_prior_1y_5ug,clinical_score,4,37306,9308,1082,0.6683313732536235
LU,PM2.5 per 5 ug/m3,pm25_prior_1y_5ug,clinical_score,5,37291,9323,1135,0.6783616356138255
LU,PM2.5 per 5 ug/m3,pm25_prior_1y_5ug,optn_region,1,37269,9345,1166,0.6928379917229956
LU,PM2.5 per 5 ug/m3,pm25_prior_1y_5ug,optn_region,2,37291,9323,1146,0.6880315301604436
LU,PM2.5 per 5 ug/m3,pm25_prior_1y_5ug,optn_region,3,37299,9315,1179,0.6904891453315435
LU,PM2.5 per 5 ug/m3,pm25_prior_1y_5ug,optn_region,4,37306,9308,1082,0.6653050464792976
LU,PM2.5 per 5 ug/m3,pm25_prior_1y_5ug,optn_region,5,37291,9323,1135,0.6816616814495371
LU,PM2.5 per 5 ug/m3,pm25_prior_1y_5ug,community,1,37269,9345,1166,0.6919345752317425
LU,PM2.5 per 5 ug/m3,pm25_prior_1y_5ug,community,2,37291,9323,1146,0.6875813383791631
LU,PM2.5 per 5 ug/m3,pm25_prior_1y_5ug,community,3,37299,9315,1179,0.6911313791503044
LU,PM2.5 per 5 ug/m3,pm25_prior_1y_5ug,community,4,37306,9308,1082,0.6678588216291166
LU,PM2.5 per 5 ug/m3,pm25_prior_1y_5ug,community,5,37291,9323,1135,0.6824143234822433
LU,Ozone per 10 ppb,o3_prior_1y_10ppb,pollutant_only,1,37269,9345,1166,0.5044130581500887
LU,Ozone per 10 ppb,o3_prior_1y_10ppb,pollutant_only,2,37291,9323,1146,0.4896679731014595
LU,Ozone per 10 ppb,o3_prior_1y_10ppb,pollutant_only,3,37299,9315,1179,0.505192788174626
LU,Ozone per 10 ppb,o3_prior_1y_10ppb,pollutant_only,4,37306,9308,1082,0.49810639058580974
LU,Ozone per 10 ppb,o3_prior_1y_10ppb,pollutant_only,5,37291,9323,1135,0.4847314618791304
LU,Ozone per 10 ppb,o3_prior_1y_10ppb,demographics_year,1,37269,9345,1166,0.5435141597444192
LU,Ozone per 10 ppb,o3_prior_1y_10ppb,demographics_year,2,37291,9323,1146,0.563429553458705
LU,Ozone per 10 ppb,o3_prior_1y_10ppb,demographics_year,3,37299,9315,1179,0.5384934505611645
LU,Ozone per 10 ppb,o3_prior_1y_10ppb,demographics_year,4,37306,9308,1082,0.53382952388211935
LU,Ozone per 10 ppb,o3_prior_1y_10ppb,demographics_year,5,37291,9323,1135,0.5592941258598899
LU,Ozone per 10 ppb,o3_prior_1y_10ppb,clinical_score,1,37269,9345,1166,0.6888679146105899
LU,Ozone per 10 ppb,o3_prior_1y_10ppb,clinical_score,2,37291,9323,1146,0.6788457978090806
LU,Ozone per 10 ppb,o3_prior_1y_10ppb,clinical_score,3,37299,9315,1179,0.6856126943796153
LU,Ozone per 10 ppb,o3_prior_1y_10ppb,clinical_score,4,37306,9308,1082,0.6694466223107888
LU,Ozone per 10 ppb,o3_prior_1y_10ppb,clinical_score,5,37291,9323,1135,0.6770275300612669
LU,Ozone per 10 ppb,o3_prior_1y_10ppb,optn_region,1,37269,9345,1166,0.693106629227279
LU,Ozone per 10 ppb,o3_prior_1y_10ppb,optn_region,2,37291,9323,1146,0.6880656292591186
LU,Ozone per 10 ppb,o3_prior_1y_10ppb,optn_region,3,37299,9315,1179,0.6908412814320488
LU,Ozone per 10 ppb,o3_prior_1y_10ppb,optn_region,4,37306,9308,1082,0.6655641218298434
LU,Ozone per 10 ppb,o3_prior_1y_10ppb,optn_region,5,37291,9323,1135,0.680322977695168
LU,Ozone per 10 ppb,o3_prior_1y_10ppb,community,1,37269,9345,1166,0.6921887677021883
LU,Ozone per 10 ppb,o3_prior_1y_10ppb,community,2,37291,9323,1146,0.6878070618605765
LU,Ozone per 10 ppb,o3_prior_1y_10ppb,community,3,37299,9315,1179,0.6913202255465865
LU,Ozone per 10 ppb,o3_prior_1y_10ppb,community,4,37306,9308,1082,0.6678325057441225
LU,Ozone per 10 ppb,o3_prior_1y_10ppb,community,5,37291,9323,1135,0.6819499050993849
LU,NO2 per 10-unit increase,no2_prior_1y_10unit,pollutant_only,1,37269,9345,1166,0.524015169693035
LU,NO2 per 10-unit increase,no2_prior_1y_10unit,pollutant_only,2,37291,9323,1146,0.5347848461931912
LU,NO2 per 10-unit increase,no2_prior_1y_10unit,pollutant_only,3,37299,9315,1179,0.5217715703845931
LU,NO2 per 10-unit increase,no2_prior_1y_10unit,pollutant_only,4,37306,9308,1082,0.522271859425987
LU,NO2 per 10-unit increase,no2_prior_1y_10unit,pollutant_only,5,37291,9323,1135,0.5187626489739008
LU,NO2 per 10-unit increase,no2_prior_1y_10unit,demographics_year,1,37269,9345,1166,0.5463253238295711
LU,NO2 per 10-unit increase,no2_prior_1y_10unit,demographics_year,2,37291,9323,1146,0.5690563231339373
LU,NO2 per 10-unit increase,no2_prior_1y_10unit,demographics_year,3,37299,9315,1179,0.5395896570701613
LU,NO2 per 10-unit increase,no2_prior_1y_10unit,demographics_year,4,37306,9308,1082,0.5372303982954566
LU,NO2 per 10-unit increase,no2_prior_1y_10unit,demographics_year,5,37291,9323,1135,0.5607939756867989
LU,NO2 per 10-unit increase,no2_prior_1y_10unit,clinical_score,1,37269,9345,1166,0.6886897591932609
LU,NO2 per 10-unit increase,no2_prior_1y_10unit,clinical_score,2,37291,9323,1146,0.6790242427855826
LU,NO2 per 10-unit increase,no2_prior_1y_10unit,clinical_score,3,37299,9315,1179,0.6860018974380684
LU,NO2 per 10-unit increase,no2_prior_1y_10unit,clinical_score,4,37306,9308,1082,0.6694420850892381
LU,NO2 per 10-unit increase,no2_prior_1y_10unit,clinical_score,5,37291,9323,1135,0.6775498439851027
LU,NO2 per 10-unit increase,no2_prior_1y_10unit,optn_region,1,37269,9345,1166,0.6927922491158436
LU,NO2 per 10-unit increase,no2_prior_1y_10unit,optn_region,2,37291,9323,1146,0.6878304919161078
LU,NO2 per 10-unit increase,no2_prior_1y_10unit,optn_region,3,37299,9315,1179,0.6906456069119342
LU,NO2 per 10-unit increase,no2_prior_1y_10unit,optn_region,4,37306,9308,1082,0.6662442513402953
LU,NO2 per 10-unit increase,no2_prior_1y_10unit,optn_region,5,37291,9323,1135,0.6812869280019831
LU,NO2 per 10-unit increase,no2_prior_1y_10unit,community,1,37269,9345,1166,0.6916635302218195
LU,NO2 per 10-unit increase,no2_prior_1y_10unit,community,2,37291,9323,1146,0.6875662762006073
LU,NO2 per 10-unit increase,no2_prior_1y_10unit,community,3,37299,9315,1179,0.6911668853942334
LU,NO2 per 10-unit increase,no2_prior_1y_10unit,community,4,37306,9308,1082,0.6683803752463711
LU,NO2 per 10-unit increase,no2_prior_1y_10unit,community,5,37291,9323,1135,0.6825541506191165
