step_dir,organ,model,exposure_window,exposure_form,status,error,started_at,finished_at,elapsed_seconds,n_intervals,n_registrations,adverse_events,concordance
timevarying_steps_full_seq,HR,single_pollutant_pm25_cumulative_linear,cumulative,linear,done,NA,2026-05-28T20:43:32Z,2026-05-28T20:44:08Z,35.991106033325195,125985,72946,9705,0.7568066293817037
timevarying_steps_full_seq,HR,single_pollutant_pm25_cumulative_spline,cumulative,spline,done,NA,2026-05-28T20:44:08Z,2026-05-28T20:44:45Z,37.131316900253296,125985,72946,9705,0.7568339332602196
timevarying_steps_full_seq,HR,single_pollutant_ozone_cumulative_linear,cumulative,linear,done,NA,2026-05-28T20:44:45Z,2026-05-28T20:45:21Z,35.75420784950256,125985,72946,9705,0.7567520216246718
timevarying_steps_full_seq,HR,single_pollutant_ozone_cumulative_spline,cumulative,spline,done,NA,2026-05-28T20:45:21Z,2026-05-28T20:45:58Z,36.890799045562744,125985,72946,9705,0.7570296110562506
timevarying_steps_full_seq,HR,single_pollutant_no2_cumulative_linear,cumulative,linear,done,NA,2026-05-28T20:45:58Z,2026-05-28T20:46:33Z,35.24251198768616,125985,72946,9705,0.7569021929565094
timevarying_steps_full_seq,HR,single_pollutant_no2_cumulative_spline,cumulative,spline,done,NA,2026-05-28T20:46:33Z,2026-05-28T20:47:09Z,36.03934192657471,125985,72946,9705,0.7572116369130235
timevarying_steps_full_seq,HR,combined_pollutants_cumulative_linear,cumulative,linear,done,NA,2026-05-28T20:47:09Z,2026-05-28T20:47:47Z,37.1835401058197,125985,72946,9705,0.7567838761496071
timevarying_steps_full_seq,HR,combined_pollutants_cumulative_spline,cumulative,spline,done,NA,2026-05-28T20:47:47Z,2026-05-28T20:48:26Z,39.52163600921631,125985,72946,9705,0.7571797823880883
timevarying_steps_full_seq,HR,single_pollutant_pm25_lagged_annual_linear,lagged_annual,linear,done,NA,2026-05-28T20:48:26Z,2026-05-28T20:49:02Z,36.02489495277405,125985,72946,9705,0.7567292683925751
timevarying_steps_full_seq,HR,single_pollutant_pm25_lagged_annual_spline,lagged_annual,spline,done,NA,2026-05-28T20:49:02Z,2026-05-28T20:49:39Z,36.88272190093994,125985,72946,9705,0.7568157306745423
timevarying_steps_full_seq,HR,single_pollutant_ozone_lagged_annual_linear,lagged_annual,linear,done,NA,2026-05-28T20:49:39Z,2026-05-28T20:50:15Z,36.31086802482605,125985,72946,9705,0.7567747748567684
timevarying_steps_full_seq,HR,single_pollutant_ozone_lagged_annual_spline,lagged_annual,spline,done,NA,2026-05-28T20:50:15Z,2026-05-28T20:50:51Z,35.88688778877258,125985,72946,9705,0.7569613513599607
timevarying_steps_full_seq,HR,single_pollutant_no2_lagged_annual_linear,lagged_annual,linear,done,NA,2026-05-28T20:50:51Z,2026-05-28T20:51:27Z,35.33746409416199,125985,72946,9705,0.7568930916636708
timevarying_steps_full_seq,HR,single_pollutant_no2_lagged_annual_spline,lagged_annual,spline,done,NA,2026-05-28T20:51:27Z,2026-05-28T20:52:03Z,36.67985200881958,125985,72946,9705,0.7573299537199258
timevarying_steps_full_seq,HR,combined_pollutants_lagged_annual_linear,lagged_annual,linear,done,NA,2026-05-28T20:52:03Z,2026-05-28T20:52:40Z,36.97921299934387,125985,72946,9705,0.7568157306745423
timevarying_steps_full_seq,HR,combined_pollutants_lagged_annual_spline,lagged_annual,spline,done,NA,2026-05-28T20:52:40Z,2026-05-28T20:53:19Z,38.82018685340881,125985,72946,9705,0.7571797823880883
timevarying_steps_li_lu_seq,LI,single_pollutant_pm25_cumulative_linear,cumulative,linear,done,NA,2026-05-28T20:56:14Z,2026-05-28T21:00:40Z,266.22244215011597,421374,216497,41324,0.7940927026320902
timevarying_steps_li_lu_seq,LI,single_pollutant_pm25_cumulative_spline,cumulative,spline,done,NA,2026-05-28T21:00:40Z,2026-05-28T21:05:10Z,269.80706214904785,421374,216497,41324,0.7941231836969846
timevarying_steps_li_lu_seq,LI,single_pollutant_ozone_cumulative_linear,cumulative,linear,done,NA,2026-05-28T21:05:10Z,2026-05-28T21:09:35Z,265.48680090904236,421374,216497,41324,0.7941037562050739
timevarying_steps_li_lu_seq,LI,single_pollutant_ozone_cumulative_spline,cumulative,spline,done,NA,2026-05-28T21:09:35Z,2026-05-28T21:14:07Z,272.01199102401733,421374,216497,41324,0.7940846636699201
timevarying_steps_li_lu_seq,LI,single_pollutant_no2_cumulative_linear,cumulative,linear,done,NA,2026-05-28T21:14:07Z,2026-05-28T21:18:34Z,266.86524200439453,421374,216497,41324,0.7940903579347907
timevarying_steps_li_lu_seq,LI,single_pollutant_no2_cumulative_spline,cumulative,spline,done,NA,2026-05-28T21:18:34Z,2026-05-28T21:23:03Z,268.67474389076233,421374,216497,41324,0.7941422762321384
timevarying_steps_li_lu_seq,LI,combined_pollutants_cumulative_linear,cumulative,linear,done,NA,2026-05-28T21:23:03Z,2026-05-28T21:27:35Z,271.7143819332123,421374,216497,41324,0.7941134699510293
timevarying_steps_li_lu_seq,LI,combined_pollutants_cumulative_spline,cumulative,spline,done,NA,2026-05-28T21:27:35Z,2026-05-28T21:32:20Z,285.1084339618683,421374,216497,41324,0.7941188292591426
timevarying_steps_li_lu_seq,LI,single_pollutant_pm25_lagged_annual_linear,lagged_annual,linear,done,NA,2026-05-28T21:32:20Z,2026-05-28T21:36:45Z,265.102126121521,421374,216497,41324,0.7940772946212644
timevarying_steps_li_lu_seq,LI,single_pollutant_pm25_lagged_annual_spline,lagged_annual,spline,done,NA,2026-05-28T21:36:45Z,2026-05-28T21:41:15Z,270.24119997024536,421374,216497,41324,0.7940893530645194
timevarying_steps_li_lu_seq,LI,single_pollutant_ozone_lagged_annual_linear,lagged_annual,linear,done,NA,2026-05-28T21:41:15Z,2026-05-28T21:45:42Z,266.68213510513306,421374,216497,41324,0.7941014115077744
timevarying_steps_li_lu_seq,LI,single_pollutant_ozone_lagged_annual_spline,lagged_annual,spline,done,NA,2026-05-28T21:45:42Z,2026-05-28T21:50:13Z,271.0476441383362,421374,216497,41324,0.7941024163780456
timevarying_steps_li_lu_seq,LI,single_pollutant_no2_lagged_annual_linear,lagged_annual,linear,done,NA,2026-05-28T21:50:13Z,2026-05-28T21:54:39Z,265.95054388046265,421374,216497,41324,0.794095717242904
timevarying_steps_li_lu_seq,LI,single_pollutant_no2_lagged_annual_spline,lagged_annual,spline,done,NA,2026-05-28T21:54:39Z,2026-05-28T21:59:07Z,268.3155629634857,421374,216497,41324,0.7941305527456406
timevarying_steps_li_lu_seq,LI,combined_pollutants_lagged_annual_linear,lagged_annual,linear,done,NA,2026-05-28T21:59:07Z,2026-05-28T22:03:42Z,274.5476059913635,421374,216497,41324,0.794100071680746
timevarying_steps_li_lu_seq,LI,combined_pollutants_lagged_annual_spline,lagged_annual,spline,done,NA,2026-05-28T22:03:42Z,2026-05-28T22:08:26Z,283.9620978832245,421374,216497,41324,0.7941121301240011
timevarying_steps_li_lu_seq,LU,single_pollutant_pm25_cumulative_linear,cumulative,linear,done,NA,2026-05-28T22:08:26Z,2026-05-28T22:08:40Z,14.108202934265137,60514,41045,4635,0.7973325086016934
timevarying_steps_li_lu_seq,LU,single_pollutant_pm25_cumulative_spline,cumulative,spline,done,NA,2026-05-28T22:08:40Z,2026-05-28T22:08:54Z,14.347310066223145,60514,41045,4635,0.7971546758418062
timevarying_steps_li_lu_seq,LU,single_pollutant_ozone_cumulative_linear,cumulative,linear,done,NA,2026-05-28T22:08:54Z,2026-05-28T22:09:08Z,13.613285064697266,60514,41045,4635,0.7971933351374338
timevarying_steps_li_lu_seq,LU,single_pollutant_ozone_cumulative_spline,cumulative,spline,done,NA,2026-05-28T22:09:08Z,2026-05-28T22:09:22Z,14.557329893112184,60514,41045,4635,0.7976495148258399
timevarying_steps_li_lu_seq,LU,single_pollutant_no2_cumulative_linear,cumulative,linear,done,NA,2026-05-28T22:09:22Z,2026-05-28T22:09:36Z,13.613554000854492,60514,41045,4635,0.7973943634746975
timevarying_steps_li_lu_seq,LU,single_pollutant_no2_cumulative_spline,cumulative,spline,done,NA,2026-05-28T22:09:36Z,2026-05-28T22:09:50Z,14.119765996932983,60514,41045,4635,0.797417559052074
timevarying_steps_li_lu_seq,LU,combined_pollutants_cumulative_linear,cumulative,linear,done,NA,2026-05-28T22:09:50Z,2026-05-28T22:10:05Z,14.475105047225952,60514,41045,4635,0.797371167897321
timevarying_steps_li_lu_seq,LU,combined_pollutants_cumulative_spline,cumulative,spline,done,NA,2026-05-28T22:10:05Z,2026-05-28T22:10:20Z,15.381614923477173,60514,41045,4635,0.7977036378397185
timevarying_steps_li_lu_seq,LU,single_pollutant_pm25_lagged_annual_linear,lagged_annual,linear,done,NA,2026-05-28T22:10:20Z,2026-05-28T22:10:34Z,13.830281019210815,60514,41045,4635,0.79734024046081875
timevarying_steps_li_lu_seq,LU,single_pollutant_pm25_lagged_annual_spline,lagged_annual,spline,done,NA,2026-05-28T22:10:34Z,2026-05-28T22:10:48Z,14.156488180160522,60514,41045,4635,0.7969845749410446
timevarying_steps_li_lu_seq,LU,single_pollutant_ozone_lagged_annual_linear,lagged_annual,linear,done,NA,2026-05-28T22:10:48Z,2026-05-28T22:11:02Z,14.174242973327637,60514,41045,4635,0.797123748405304
timevarying_steps_li_lu_seq,LU,single_pollutant_ozone_lagged_annual_spline,lagged_annual,spline,done,NA,2026-05-28T22:11:02Z,2026-05-28T22:11:16Z,14.08579397201538,60514,41045,4635,0.7974716820659528
timevarying_steps_li_lu_seq,LU,single_pollutant_no2_lagged_annual_linear,lagged_annual,linear,done,NA,2026-05-28T22:11:16Z,2026-05-28T22:11:30Z,14.12963891029358,60514,41045,4635,0.7974252909111996
timevarying_steps_li_lu_seq,LU,single_pollutant_no2_lagged_annual_spline,lagged_annual,spline,done,NA,2026-05-28T22:11:30Z,2026-05-28T22:11:44Z,13.891007900238035,60514,41045,4635,0.797417559052074
timevarying_steps_li_lu_seq,LU,combined_pollutants_lagged_annual_linear,lagged_annual,linear,done,NA,2026-05-28T22:11:44Z,2026-05-28T22:11:59Z,14.584697008132936,60514,41045,4635,0.797417559052074
timevarying_steps_li_lu_seq,LU,combined_pollutants_lagged_annual_spline,lagged_annual,spline,done,NA,2026-05-28T22:11:59Z,2026-05-28T22:12:14Z,15.242637872695925,60514,41045,4635,0.7976572466849654
timevarying_steps_ki_seq,KI,single_pollutant_pm25_cumulative_linear,cumulative,linear,done,NA,2026-05-28T22:15:17Z,2026-05-28T22:36:48Z,1290.6600251197815,2781314,673351,116044,0.7443656367966544
timevarying_steps_ki_seq,KI,single_pollutant_pm25_cumulative_spline,cumulative,spline,done,NA,2026-05-28T22:36:48Z,2026-05-28T22:58:34Z,1305.9377179145813,2781314,673351,116044,0.7443787281470708
timevarying_steps_ki_seq,KI,single_pollutant_ozone_cumulative_linear,cumulative,linear,done,NA,2026-05-28T22:58:34Z,2026-05-28T23:19:52Z,1278.1827459335327,2781314,673351,116044,0.7446200710423949
timevarying_steps_ki_seq,KI,single_pollutant_ozone_cumulative_spline,cumulative,spline,done,NA,2026-05-28T23:19:52Z,2026-05-28T23:41:37Z,1304.8541660308838,2781314,673351,116044,0.7446254102598197
timevarying_steps_ki_seq,KI,single_pollutant_no2_cumulative_linear,cumulative,linear,done,NA,2026-05-28T23:41:37Z,2026-05-29T00:03:09Z,1291.81502699852,2781314,673351,116044,0.7443927949314398
timevarying_steps_ki_seq,KI,single_pollutant_no2_cumulative_spline,cumulative,spline,done,NA,2026-05-29T00:03:09Z,2026-05-29T00:24:53Z,1303.659087896347,2781314,673351,116044,0.744406913054438
timevarying_steps_ki_seq,KI,combined_pollutants_cumulative_linear,cumulative,linear,done,NA,2026-05-29T00:24:53Z,2026-05-29T00:46:56Z,1322.9750118255615,2781314,673351,116044,0.7446120622162578
timevarying_steps_ki_seq,KI,combined_pollutants_cumulative_spline,cumulative,spline,done,NA,2026-05-29T00:46:56Z,2026-05-29T01:10:15Z,1399.6405160427094,2781314,673351,116044,0.7446289012865974
timevarying_steps_ki_seq,KI,single_pollutant_pm25_lagged_annual_linear,lagged_annual,linear,done,NA,2026-05-29T01:10:15Z,2026-05-29T01:31:42Z,1286.5882291793823,2781314,673351,116044,0.7443834513009465
timevarying_steps_ki_seq,KI,single_pollutant_pm25_lagged_annual_spline,lagged_annual,spline,done,NA,2026-05-29T01:31:42Z,2026-05-29T01:53:36Z,1313.7642800807953,2781314,673351,116044,0.7443720541252898
timevarying_steps_ki_seq,KI,single_pollutant_ozone_lagged_annual_linear,lagged_annual,linear,done,NA,2026-05-29T01:53:36Z,2026-05-29T02:15:11Z,1294.6496181488037,2781314,673351,116044,0.7446050801627024
timevarying_steps_ki_seq,KI,single_pollutant_ozone_lagged_annual_spline,lagged_annual,spline,done,NA,2026-05-29T02:15:11Z,2026-05-29T02:37:00Z,1309.7116060256958,2781314,673351,116044,0.7445971740138234
timevarying_steps_ki_seq,KI,single_pollutant_no2_lagged_annual_linear,lagged_annual,linear,done,NA,2026-05-29T02:37:00Z,2026-05-29T02:58:30Z,1289.420382976532,2781314,673351,116044,0.7443869936663533
timevarying_steps_ki_seq,KI,single_pollutant_no2_lagged_annual_spline,lagged_annual,spline,done,NA,2026-05-29T02:58:30Z,2026-05-29T03:20:20Z,1309.9371330738068,2781314,673351,116044,0.7443995202918499
timevarying_steps_ki_seq,KI,combined_pollutants_lagged_annual_linear,lagged_annual,linear,done,NA,2026-05-29T03:20:20Z,2026-05-29T03:42:28Z,1328.2683701515198,2781314,673351,116044,0.7445997922839067
timevarying_steps_ki_seq,KI,combined_pollutants_lagged_annual_spline,lagged_annual,spline,done,NA,2026-05-29T03:42:28Z,2026-05-29T04:05:54Z,1406.2295668125153,2781314,673351,116044,0.7446040020514917
timevarying_steps_curve_hr,HR,single_pollutant_pm25_cumulative_spline,cumulative,spline,done,NA,2026-05-29T07:24:51Z,2026-05-29T07:25:28Z,37.30779218673706,125985,72946,9705,0.7568339332602196
timevarying_steps_curve_hr,HR,single_pollutant_ozone_cumulative_spline,cumulative,spline,done,NA,2026-05-29T07:25:28Z,2026-05-29T07:26:06Z,37.57921004295349,125985,72946,9705,0.7570296110562506
timevarying_steps_curve_hr,HR,single_pollutant_no2_cumulative_spline,cumulative,spline,done,NA,2026-05-29T07:26:06Z,2026-05-29T07:26:44Z,37.51582312583923,125985,72946,9705,0.7572116369130235
timevarying_steps_curve_hr,HR,combined_pollutants_cumulative_spline,cumulative,spline,done,NA,2026-05-29T07:26:44Z,2026-05-29T07:27:25Z,41.62321209907532,125985,72946,9705,0.7571797823880883
timevarying_steps_curve_hr,HR,single_pollutant_pm25_lagged_annual_spline,lagged_annual,spline,done,NA,2026-05-29T07:27:25Z,2026-05-29T07:28:03Z,37.791171073913574,125985,72946,9705,0.7568157306745423
timevarying_steps_curve_hr,HR,single_pollutant_ozone_lagged_annual_spline,lagged_annual,spline,done,NA,2026-05-29T07:28:03Z,2026-05-29T07:28:41Z,37.77290320396423,125985,72946,9705,0.7569613513599607
timevarying_steps_curve_hr,HR,single_pollutant_no2_lagged_annual_spline,lagged_annual,spline,done,NA,2026-05-29T07:28:41Z,2026-05-29T07:29:17Z,36.683037996292114,125985,72946,9705,0.7573299537199258
timevarying_steps_curve_hr,HR,combined_pollutants_lagged_annual_spline,lagged_annual,spline,done,NA,2026-05-29T07:29:17Z,2026-05-29T07:29:59Z,41.40620684623718,125985,72946,9705,0.7571797823880883
timevarying_steps_curve_li_lu,LI,single_pollutant_pm25_cumulative_spline,cumulative,spline,done,NA,2026-05-29T07:32:16Z,2026-05-29T07:36:50Z,274.2411630153656,421374,216497,41324,0.7941231836969846
timevarying_steps_curve_li_lu,LI,single_pollutant_ozone_cumulative_spline,cumulative,spline,done,NA,2026-05-29T07:36:50Z,2026-05-29T07:41:21Z,270.98126196861267,421374,216497,41324,0.7940846636699201
timevarying_steps_curve_li_lu,LI,single_pollutant_no2_cumulative_spline,cumulative,spline,done,NA,2026-05-29T07:41:21Z,2026-05-29T07:45:52Z,271.27026987075806,421374,216497,41324,0.7941422762321384
timevarying_steps_curve_li_lu,LI,combined_pollutants_cumulative_spline,cumulative,spline,done,NA,2026-05-29T07:45:52Z,2026-05-29T07:50:43Z,290.323921918869,421374,216497,41324,0.7941188292591426
timevarying_steps_curve_li_lu,LI,single_pollutant_pm25_lagged_annual_spline,lagged_annual,spline,done,NA,2026-05-29T07:50:43Z,2026-05-29T07:55:15Z,272.7642910480499,421374,216497,41324,0.7940893530645194
timevarying_steps_curve_li_lu,LI,single_pollutant_ozone_lagged_annual_spline,lagged_annual,spline,done,NA,2026-05-29T07:55:15Z,2026-05-29T07:59:46Z,270.8783700466156,421374,216497,41324,0.7941024163780456
timevarying_steps_curve_li_lu,LI,single_pollutant_no2_lagged_annual_spline,lagged_annual,spline,done,NA,2026-05-29T07:59:46Z,2026-05-29T08:04:17Z,270.5103950500488,421374,216497,41324,0.7941305527456406
timevarying_steps_curve_li_lu,LI,combined_pollutants_lagged_annual_spline,lagged_annual,spline,done,NA,2026-05-29T08:04:17Z,2026-05-29T08:09:08Z,291.29806685447693,421374,216497,41324,0.7941121301240011
timevarying_steps_curve_li_lu,LU,single_pollutant_pm25_cumulative_spline,cumulative,spline,done,NA,2026-05-29T08:09:08Z,2026-05-29T08:09:22Z,14.109934091567991,60514,41045,4635,0.7971546758418062
timevarying_steps_curve_li_lu,LU,single_pollutant_ozone_cumulative_spline,cumulative,spline,done,NA,2026-05-29T08:09:22Z,2026-05-29T08:09:37Z,14.575407028198242,60514,41045,4635,0.7976495148258399
timevarying_steps_curve_li_lu,LU,single_pollutant_no2_cumulative_spline,cumulative,spline,done,NA,2026-05-29T08:09:37Z,2026-05-29T08:09:51Z,14.390259981155396,60514,41045,4635,0.797417559052074
timevarying_steps_curve_li_lu,LU,combined_pollutants_cumulative_spline,cumulative,spline,done,NA,2026-05-29T08:09:51Z,2026-05-29T08:10:07Z,16.174179077148438,60514,41045,4635,0.7977036378397185
timevarying_steps_curve_li_lu,LU,single_pollutant_pm25_lagged_annual_spline,lagged_annual,spline,done,NA,2026-05-29T08:10:07Z,2026-05-29T08:10:22Z,14.602652072906494,60514,41045,4635,0.7969845749410446
timevarying_steps_curve_li_lu,LU,single_pollutant_ozone_lagged_annual_spline,lagged_annual,spline,done,NA,2026-05-29T08:10:22Z,2026-05-29T08:10:36Z,14.091293096542358,60514,41045,4635,0.7974716820659528
timevarying_steps_curve_li_lu,LU,single_pollutant_no2_lagged_annual_spline,lagged_annual,spline,done,NA,2026-05-29T08:10:36Z,2026-05-29T08:10:50Z,14.308542966842651,60514,41045,4635,0.797417559052074
timevarying_steps_curve_li_lu,LU,combined_pollutants_lagged_annual_spline,lagged_annual,spline,done,NA,2026-05-29T08:10:50Z,2026-05-29T08:11:07Z,16.438175916671753,60514,41045,4635,0.7976572466849654
timevarying_steps_curve_ki,KI,single_pollutant_pm25_cumulative_spline,cumulative,spline,done,NA,2026-05-29T08:17:22Z,2026-05-29T08:39:45Z,1342.6872489452362,2781314,673351,116044,0.7443787281470708
timevarying_steps_curve_ki,KI,single_pollutant_ozone_cumulative_spline,cumulative,spline,done,NA,2026-05-29T08:39:45Z,2026-05-29T09:01:29Z,1304.762943983078,2781314,673351,116044,0.7446254102598197
timevarying_steps_curve_ki,KI,single_pollutant_no2_cumulative_spline,cumulative,spline,done,NA,2026-05-29T09:01:29Z,2026-05-29T09:23:39Z,1329.8863651752472,2781314,673351,116044,0.744406913054438
timevarying_steps_curve_ki,KI,combined_pollutants_cumulative_spline,cumulative,spline,done,NA,2026-05-29T09:23:39Z,2026-05-29T09:47:32Z,1432.5427141189575,2781314,673351,116044,0.7446289012865974
timevarying_steps_curve_ki,KI,single_pollutant_pm25_lagged_annual_spline,lagged_annual,spline,done,NA,2026-05-29T09:47:32Z,2026-05-29T10:09:43Z,1330.9605820178986,2781314,673351,116044,0.7443720541252898
timevarying_steps_curve_ki,KI,single_pollutant_ozone_lagged_annual_spline,lagged_annual,spline,done,NA,2026-05-29T10:09:43Z,2026-05-29T10:31:43Z,1320.5465650558472,2781314,673351,116044,0.7445971740138234
timevarying_steps_curve_ki,KI,single_pollutant_no2_lagged_annual_spline,lagged_annual,spline,done,NA,2026-05-29T10:31:43Z,2026-05-29T10:53:50Z,1326.3401789665222,2781314,673351,116044,0.7443995202918499
timevarying_steps_curve_ki,KI,combined_pollutants_lagged_annual_spline,lagged_annual,spline,done,NA,2026-05-29T10:53:50Z,2026-05-29T11:18:10Z,1460.544403076172,2781314,673351,116044,0.7446040020514917
