step_file,step_dir,organ,pollutant,model,exposure_window,exposure_form,contrast,p25,p75,hazard_ratio,conf_low,conf_high,n_intervals,n_registrations,adverse_events,concordance,wald_chisq,df,p_value
hr_combined_pollutants_cumulative_linear_contrast.csv,timevarying_steps_full_seq,HR,PM2.5,combined_pollutants_cumulative_linear,cumulative,linear,p75_vs_p25,1.4068080361684163,1.934182680736889,1.0270394527559126,0.7860908143704081,1.3418424668426865,125985,72946,9705,0.7567838761496071,0.7525466882058568,1,0.38567113011172616
hr_combined_pollutants_cumulative_linear_contrast.csv,timevarying_steps_full_seq,HR,Ozone,combined_pollutants_cumulative_linear,cumulative,linear,p75_vs_p25,3.635269698590944,4.004470092228481,1.0169516340893032,0.7445218285112581,1.3890668969973201,125985,72946,9705,0.7567838761496071,0.7117345074743712,1,0.3988685981478925
hr_combined_pollutants_cumulative_linear_contrast.csv,timevarying_steps_full_seq,HR,NO2,combined_pollutants_cumulative_linear,cumulative,linear,p75_vs_p25,0.497162420422423,1.20883533477783,1.0065628937763738,0.8432223361275407,1.2015441428892863,125985,72946,9705,0.7567838761496071,0.04934599917251481,1,0.8242052162886739
hr_combined_pollutants_cumulative_spline_contrast.csv,timevarying_steps_full_seq,HR,PM2.5,combined_pollutants_cumulative_spline,cumulative,spline,p75_vs_p25,1.4068080361684163,1.934182680736889,1.0530269004772832,0.8003825099090988,1.3854196454826708,125985,72946,9705,0.7571797823880883,3.493326957312651,3,0.3216286239248951
hr_combined_pollutants_cumulative_spline_contrast.csv,timevarying_steps_full_seq,HR,Ozone,combined_pollutants_cumulative_spline,cumulative,spline,p75_vs_p25,3.635269698590944,4.004470092228481,1.068068820500898,0.7730309787701917,1.4757118882105116,125985,72946,9705,0.7571797823880883,3.7329516945001338,3,0.2917818869886758
hr_combined_pollutants_cumulative_spline_contrast.csv,timevarying_steps_full_seq,HR,NO2,combined_pollutants_cumulative_spline,cumulative,spline,p75_vs_p25,0.497162420422423,1.20883533477783,0.9730923665956648,0.810180504644575,1.168762699791399,125985,72946,9705,0.7571797823880883,3.087306974719352,3,0.37835906142917686
hr_combined_pollutants_lagged_annual_linear_contrast.csv,timevarying_steps_full_seq,HR,PM2.5,combined_pollutants_lagged_annual_linear,lagged_annual,linear,p75_vs_p25,1.3914728322620171,1.8993543167908984,1.0165041842213656,0.7811448318456737,1.3227774343691532,125985,72946,9705,0.7568157306745423,0.3234215209310836,1,0.569558655199701
hr_combined_pollutants_lagged_annual_linear_contrast.csv,timevarying_steps_full_seq,HR,Ozone,combined_pollutants_lagged_annual_linear,lagged_annual,linear,p75_vs_p25,3.631734973390638,3.9946492637599937,1.0129658608767935,0.8140264639892382,1.2605239272852793,125985,72946,9705,0.7568157306745423,0.4666307099448334,1,0.4945412967890306
hr_combined_pollutants_lagged_annual_linear_contrast.csv,timevarying_steps_full_seq,HR,NO2,combined_pollutants_lagged_annual_linear,lagged_annual,linear,p75_vs_p25,0.48319614572490704,1.17559146881104,1.006399258236416,0.7779870937930734,1.3018718113185055,125985,72946,9705,0.7568157306745423,0.04842191614281321,1,0.8258323673592296
hr_combined_pollutants_lagged_annual_spline_contrast.csv,timevarying_steps_full_seq,HR,PM2.5,combined_pollutants_lagged_annual_spline,lagged_annual,spline,p75_vs_p25,1.3914728322620171,1.8993543167908984,1.028343753380805,0.785318335707105,1.346576066080453,125985,72946,9705,0.7571797823880883,0.5996625831155711,3,0.8965096128898266
hr_combined_pollutants_lagged_annual_spline_contrast.csv,timevarying_steps_full_seq,HR,Ozone,combined_pollutants_lagged_annual_spline,lagged_annual,spline,p75_vs_p25,3.631734973390638,3.9946492637599937,1.0527012950853474,0.841370794338835,1.3171125312772431,125985,72946,9705,0.7571797823880883,2.443899454269307,3,0.4855150704634183
hr_combined_pollutants_lagged_annual_spline_contrast.csv,timevarying_steps_full_seq,HR,NO2,combined_pollutants_lagged_annual_spline,lagged_annual,spline,p75_vs_p25,0.48319614572490704,1.17559146881104,0.9653000252458104,0.7405193088593375,1.2583117382514588,125985,72946,9705,0.7571797823880883,4.440956622107395,3,0.217617673207677
hr_single_pollutant_no2_cumulative_linear_contrast.csv,timevarying_steps_full_seq,HR,NO2,single_pollutant_no2_cumulative_linear,cumulative,linear,p75_vs_p25,0.497162420422423,1.20883533477783,1.0118374241325103,0.850429894549581,1.2038793314260952,125985,72946,9705,0.7569021929565094,0.23353753578443703,1,0.6289131150201182
hr_single_pollutant_no2_cumulative_spline_contrast.csv,timevarying_steps_full_seq,HR,NO2,single_pollutant_no2_cumulative_spline,cumulative,spline,p75_vs_p25,0.497162420422423,1.20883533477783,0.9793531812397496,0.8198891360530525,1.1698321290384257,125985,72946,9705,0.7572116369130235,3.3428538206466536,3,0.3417225885804361
hr_single_pollutant_no2_lagged_annual_linear_contrast.csv,timevarying_steps_full_seq,HR,NO2,single_pollutant_no2_lagged_annual_linear,lagged_annual,linear,p75_vs_p25,0.48319614572490704,1.17559146881104,1.0088850887872525,0.7834383940651258,1.299207608521482,125985,72946,9705,0.7568930916636708,0.1333406709052761,1,0.7149931551704158
hr_single_pollutant_no2_lagged_annual_spline_contrast.csv,timevarying_steps_full_seq,HR,NO2,single_pollutant_no2_lagged_annual_spline,lagged_annual,spline,p75_vs_p25,0.48319614572490704,1.17559146881104,0.9696463502431932,0.7497400790198068,1.254053332415095,125985,72946,9705,0.7573299537199258,4.450329276041539,3,0.21676382428395133
hr_single_pollutant_ozone_cumulative_linear_contrast.csv,timevarying_steps_full_seq,HR,Ozone,single_pollutant_ozone_cumulative_linear,cumulative,linear,p75_vs_p25,3.635269698590944,4.004470092228481,1.0131122566740505,0.7419502391300656,1.3833763916925668,125985,72946,9705,0.7567520216246718,0.4793485817920607,1,0.4887175305376419
hr_single_pollutant_ozone_cumulative_spline_contrast.csv,timevarying_steps_full_seq,HR,Ozone,single_pollutant_ozone_cumulative_spline,cumulative,spline,p75_vs_p25,3.635269698590944,4.004470092228481,1.061346943789991,0.7748948883470889,1.453690496649391,125985,72946,9705,0.7570296110562506,3.571528874528834,3,0.3116028725889927
hr_single_pollutant_ozone_lagged_annual_linear_contrast.csv,timevarying_steps_full_seq,HR,Ozone,single_pollutant_ozone_lagged_annual_linear,lagged_annual,linear,p75_vs_p25,3.631734973390638,3.9946492637599937,1.0106355606187811,0.8155297544547359,1.252418113266924,125985,72946,9705,0.7567747748567684,0.34846642386494014,1,0.5549825366902605
hr_single_pollutant_ozone_lagged_annual_spline_contrast.csv,timevarying_steps_full_seq,HR,Ozone,single_pollutant_ozone_lagged_annual_spline,lagged_annual,spline,p75_vs_p25,3.631734973390638,3.9946492637599937,1.049092727702961,0.8431749110068195,1.3052992172229585,125985,72946,9705,0.7569613513599607,2.3267480161182292,3,0.5074160730448494
hr_single_pollutant_pm25_cumulative_linear_contrast.csv,timevarying_steps_full_seq,HR,PM2.5,single_pollutant_pm25_cumulative_linear,cumulative,linear,p75_vs_p25,1.4068080361684163,1.934182680736889,1.0279592582571762,0.7876424193047725,1.3415989422831751,125985,72946,9705,0.7568066293817037,1.0690448309748122,1,0.30116129554346205
hr_single_pollutant_pm25_cumulative_spline_contrast.csv,timevarying_steps_full_seq,HR,PM2.5,single_pollutant_pm25_cumulative_spline,cumulative,spline,p75_vs_p25,1.4068080361684163,1.934182680736889,1.0401419521319653,0.7934973585689956,1.3634516471938871,125985,72946,9705,0.7568339332602196,4.992843326830575,3,0.1723219417783983
hr_single_pollutant_pm25_lagged_annual_linear_contrast.csv,timevarying_steps_full_seq,HR,PM2.5,single_pollutant_pm25_lagged_annual_linear,lagged_annual,linear,p75_vs_p25,1.3914728322620171,1.8993543167908984,1.0184348444637246,0.7834869138340307,1.323837723520124,125985,72946,9705,0.7567292683925751,0.5270249521745967,1,0.4678603238468045
hr_single_pollutant_pm25_lagged_annual_spline_contrast.csv,timevarying_steps_full_seq,HR,PM2.5,single_pollutant_pm25_lagged_annual_spline,lagged_annual,spline,p75_vs_p25,1.3914728322620171,1.8993543167908984,1.0120307347031252,0.7762722386431353,1.3193904882827985,125985,72946,9705,0.7568157306745423,1.4576056055077022,3,0.6920889198158031
li_combined_pollutants_cumulative_linear_contrast.csv,timevarying_steps_li_lu_seq,LI,PM2.5,combined_pollutants_cumulative_linear,cumulative,linear,p75_vs_p25,1.418166418148901,1.9992868747976096,0.9964742747954488,0.7057327631447358,1.4069928904880291,421374,216497,41324,0.7941134699510293,0.05760901658853767,1,0.8103156947923766
li_combined_pollutants_cumulative_linear_contrast.csv,timevarying_steps_li_lu_seq,LI,Ozone,combined_pollutants_cumulative_linear,cumulative,linear,p75_vs_p25,3.642077856437832,4.0914002976953485,1.0107380086025264,0.8931194904269993,1.1438461851788488,421374,216497,41324,0.7941134699510293,1.1216512670127854,1,0.2895631711175577
li_combined_pollutants_cumulative_linear_contrast.csv,timevarying_steps_li_lu_seq,LI,NO2,combined_pollutants_cumulative_linear,cumulative,linear,p75_vs_p25,0.508116940406361,1.2983450415254638,0.9837943478184052,0.864994005130999,1.118911013322994,421374,216497,41324,0.7941134699510293,1.1330906541615644,1,0.2871170556819154
li_combined_pollutants_cumulative_spline_contrast.csv,timevarying_steps_li_lu_seq,LI,PM2.5,combined_pollutants_cumulative_spline,cumulative,spline,p75_vs_p25,1.418166418148901,1.9992868747976096,0.9810631833006536,0.6941932816525371,1.3864798105461384,421374,216497,41324,0.7941188292591426,1.2580220625204412,3,0.7391244504344463
li_combined_pollutants_cumulative_spline_contrast.csv,timevarying_steps_li_lu_seq,LI,Ozone,combined_pollutants_cumulative_spline,cumulative,spline,p75_vs_p25,3.642077856437832,4.0914002976953485,1.03646350660135,0.913168638080273,1.1764054915144084,421374,216497,41324,0.7941188292591426,6.586560943087356,3,0.08631055611634528
li_combined_pollutants_cumulative_spline_contrast.csv,timevarying_steps_li_lu_seq,LI,NO2,combined_pollutants_cumulative_spline,cumulative,spline,p75_vs_p25,0.508116940406361,1.2983450415254638,0.9849986599526088,0.8643430740105784,1.1224968294204911,421374,216497,41324,0.7941188292591426,1.5307363337586066,3,0.6751947842410719
li_combined_pollutants_lagged_annual_linear_contrast.csv,timevarying_steps_li_lu_seq,LI,PM2.5,combined_pollutants_lagged_annual_linear,lagged_annual,linear,p75_vs_p25,1.3979009508151583,1.9507275202335443,0.9993643269711292,0.850305923773638,1.1745526287646235,421374,216497,41324,0.794100071680746,0.00226521648910642,1,0.9620395823881324
li_combined_pollutants_lagged_annual_linear_contrast.csv,timevarying_steps_li_lu_seq,LI,Ozone,combined_pollutants_lagged_annual_linear,lagged_annual,linear,p75_vs_p25,3.637355819465481,4.083297200472483,1.0144134416308734,0.7537580139612556,1.365205558682508,421374,216497,41324,0.794100071680746,2.124033738448074,1,0.1450042008499729
li_combined_pollutants_lagged_annual_linear_contrast.csv,timevarying_steps_li_lu_seq,LI,NO2,combined_pollutants_lagged_annual_linear,lagged_annual,linear,p75_vs_p25,0.49071150749528625,1.24663695335388,0.9869987398730726,0.6844962164338269,1.4231875781379286,421374,216497,41324,0.794100071680746,0.7663276716086026,1,0.3813555195171966
li_combined_pollutants_lagged_annual_spline_contrast.csv,timevarying_steps_li_lu_seq,LI,PM2.5,combined_pollutants_lagged_annual_spline,lagged_annual,spline,p75_vs_p25,1.3979009508151583,1.9507275202335443,0.9809740088289396,0.8315651609801088,1.1572274202345267,421374,216497,41324,0.7941121301240011,1.0649506635814368,3,0.785541148425316
li_combined_pollutants_lagged_annual_spline_contrast.csv,timevarying_steps_li_lu_seq,LI,Ozone,combined_pollutants_lagged_annual_spline,lagged_annual,spline,p75_vs_p25,3.637355819465481,4.083297200472483,1.053984957793946,0.7821850984436888,1.4202319802131604,421374,216497,41324,0.7941121301240011,12.702153590530903,3,0.00532705618681409
li_combined_pollutants_lagged_annual_spline_contrast.csv,timevarying_steps_li_lu_seq,LI,NO2,combined_pollutants_lagged_annual_spline,lagged_annual,spline,p75_vs_p25,0.49071150749528625,1.24663695335388,0.9893572047932588,0.6858902795349856,1.4270907576353875,421374,216497,41324,0.7941121301240011,1.147971509711559,3,0.7655079796024404
li_single_pollutant_no2_cumulative_linear_contrast.csv,timevarying_steps_li_lu_seq,LI,NO2,single_pollutant_no2_cumulative_linear,cumulative,linear,p75_vs_p25,0.508116940406361,1.2983450415254638,0.9775998873597358,0.8600869486873463,1.111168517583423,421374,216497,41324,0.7940903579347907,3.2596900339561454,1,0.07100254661063021
li_single_pollutant_no2_cumulative_spline_contrast.csv,timevarying_steps_li_lu_seq,LI,NO2,single_pollutant_no2_cumulative_spline,cumulative,spline,p75_vs_p25,0.508116940406361,1.2983450415254638,0.9732884886253286,0.8553711282170682,1.107461370674393,421374,216497,41324,0.7941422762321384,4.906737525664338,3,0.17875505460273966
li_single_pollutant_no2_lagged_annual_linear_contrast.csv,timevarying_steps_li_lu_seq,LI,NO2,single_pollutant_no2_lagged_annual_linear,lagged_annual,linear,p75_vs_p25,0.49071150749528625,1.24663695335388,0.9810255136323432,0.6807738874401285,1.4137014890751718,421374,216497,41324,0.794095717242904,2.3760513420814537,1,0.12320862526097934
li_single_pollutant_no2_lagged_annual_spline_contrast.csv,timevarying_steps_li_lu_seq,LI,NO2,single_pollutant_no2_lagged_annual_spline,lagged_annual,spline,p75_vs_p25,0.49071150749528625,1.24663695335388,0.9763255148117091,0.677316862306123,1.4073346817719292,421374,216497,41324,0.7941305527456406,3.806224505764328,3,0.2831629460261782
li_single_pollutant_ozone_cumulative_linear_contrast.csv,timevarying_steps_li_lu_seq,LI,Ozone,single_pollutant_ozone_cumulative_linear,cumulative,linear,p75_vs_p25,3.642077856437832,4.0914002976953485,1.0147392403855986,0.8969109451561308,1.1480467838410604,421374,216497,41324,0.7941037562050739,2.3559095609457414,1,0.12480906971351896
li_single_pollutant_ozone_cumulative_spline_contrast.csv,timevarying_steps_li_lu_seq,LI,Ozone,single_pollutant_ozone_cumulative_spline,cumulative,spline,p75_vs_p25,3.642077856437832,4.0914002976953485,1.0395493975885828,0.9170625432079976,1.1783961279745363,421374,216497,41324,0.7940846636699201,7.412471085602904,3,0.05985061329397768
li_single_pollutant_ozone_lagged_annual_linear_contrast.csv,timevarying_steps_li_lu_seq,LI,Ozone,single_pollutant_ozone_lagged_annual_linear,lagged_annual,linear,p75_vs_p25,3.637355819465481,4.083297200472483,1.0172201048720333,0.7559744905445014,1.3687455789818863,421374,216497,41324,0.7941014115077744,3.3506479138837153,1,0.06717856678448074
li_single_pollutant_ozone_lagged_annual_spline_contrast.csv,timevarying_steps_li_lu_seq,LI,Ozone,single_pollutant_ozone_lagged_annual_spline,lagged_annual,spline,p75_vs_p25,3.637355819465481,4.083297200472483,1.0556228910178729,0.7838325470094326,1.4216552914171372,421374,216497,41324,0.7941024163780456,13.530623604745893,3,0.00361894383553661
li_single_pollutant_pm25_cumulative_linear_contrast.csv,timevarying_steps_li_lu_seq,LI,PM2.5,single_pollutant_pm25_cumulative_linear,cumulative,linear,p75_vs_p25,1.418166418148901,1.9992868747976096,0.9871576124415014,0.6997475431125517,1.392616753560311,421374,216497,41324,0.7940927026320902,1.0400732264698465,1,0.3078044419825387
li_single_pollutant_pm25_cumulative_spline_contrast.csv,timevarying_steps_li_lu_seq,LI,PM2.5,single_pollutant_pm25_cumulative_spline,cumulative,spline,p75_vs_p25,1.418166418148901,1.9992868747976096,0.9786454495958729,0.6933371451160106,1.381358149871598,421374,216497,41324,0.7941231836969846,2.06576865255417,3,0.5588689790462149
li_single_pollutant_pm25_lagged_annual_linear_contrast.csv,timevarying_steps_li_lu_seq,LI,PM2.5,single_pollutant_pm25_lagged_annual_linear,lagged_annual,linear,p75_vs_p25,1.3979009508151583,1.9507275202335443,0.9925328568767228,0.8472019468437818,1.162794155100683,421374,216497,41324,0.7940772946212644,0.41299832103162487,1,0.5204515857454206
li_single_pollutant_pm25_lagged_annual_spline_contrast.csv,timevarying_steps_li_lu_seq,LI,PM2.5,single_pollutant_pm25_lagged_annual_spline,lagged_annual,spline,p75_vs_p25,1.3979009508151583,1.9507275202335443,0.9826712015368112,0.8373432200502758,1.1532220805129598,421374,216497,41324,0.7940893530645194,1.2196151249047902,3,0.7483037409383801
lu_combined_pollutants_cumulative_linear_contrast.csv,timevarying_steps_li_lu_seq,LU,PM2.5,combined_pollutants_cumulative_linear,cumulative,linear,p75_vs_p25,1.3936627246963371,1.924045735845963,1.0210350568244932,0.6979339135406984,1.493712466235966,60514,41045,4635,0.797371167897321,0.2847932854217947,1,0.5935766004586075
lu_combined_pollutants_cumulative_linear_contrast.csv,timevarying_steps_li_lu_seq,LU,Ozone,combined_pollutants_cumulative_linear,cumulative,linear,p75_vs_p25,3.65204586982727,4.027564509842972,0.983452574769192,0.7338397871913889,1.3179701941779671,60514,41045,4635,0.797371167897321,0.437177873105936,1,0.5084877304040984
lu_combined_pollutants_cumulative_linear_contrast.csv,timevarying_steps_li_lu_seq,LU,NO2,combined_pollutants_cumulative_linear,cumulative,linear,p75_vs_p25,0.48000669988331846,1.15475099314138,0.926603680938208,0.6198574411226164,1.385148139825903,60514,41045,4635,0.797371167897321,3.715112653625288,1,0.05392198595701567
lu_combined_pollutants_cumulative_spline_contrast.csv,timevarying_steps_li_lu_seq,LU,PM2.5,combined_pollutants_cumulative_spline,cumulative,spline,p75_vs_p25,1.3936627246963371,1.924045735845963,1.0882416424430246,0.73672340297697,1.6074823570985597,60514,41045,4635,0.7977036378397185,3.7119966355466687,3,0.2942896736053959
lu_combined_pollutants_cumulative_spline_contrast.csv,timevarying_steps_li_lu_seq,LU,Ozone,combined_pollutants_cumulative_spline,cumulative,spline,p75_vs_p25,3.65204586982727,4.027564509842972,0.9776894951813132,0.722039155847107,1.323857219164856,60514,41045,4635,0.7977036378397185,7.197080498938439,3,0.0658744998770086
lu_combined_pollutants_cumulative_spline_contrast.csv,timevarying_steps_li_lu_seq,LU,NO2,combined_pollutants_cumulative_spline,cumulative,spline,p75_vs_p25,0.48000669988331846,1.15475099314138,0.943334884955614,0.6233406053821177,1.4275994496278814,60514,41045,4635,0.7977036378397185,3.0103450908505245,3,0.3900329152536806
lu_combined_pollutants_lagged_annual_linear_contrast.csv,timevarying_steps_li_lu_seq,LU,PM2.5,combined_pollutants_lagged_annual_linear,lagged_annual,linear,p75_vs_p25,1.3840508609401936,1.898354811687448,1.0204659360390156,0.7640042139057616,1.3630169934434846,60514,41045,4635,0.797417559052074,0.2988937693944688,1,0.5845767604725279
lu_combined_pollutants_lagged_annual_linear_contrast.csv,timevarying_steps_li_lu_seq,LU,Ozone,combined_pollutants_lagged_annual_linear,lagged_annual,linear,p75_vs_p25,3.652171257681755,4.02039336776404,0.981728064736568,0.7107607770908562,1.3559977198463309,60514,41045,4635,0.797417559052074,0.5825247259171857,1,0.4453244070951061
lu_combined_pollutants_lagged_annual_linear_contrast.csv,timevarying_steps_li_lu_seq,LU,NO2,combined_pollutants_lagged_annual_linear,lagged_annual,linear,p75_vs_p25,0.4725105308270157,1.1320981135735126,0.9295232117649136,0.5342993544822905,1.6170960978362898,60514,41045,4635,0.797417559052074,3.483312637883484,1,0.06199052899496798
lu_combined_pollutants_lagged_annual_spline_contrast.csv,timevarying_steps_li_lu_seq,LU,PM2.5,combined_pollutants_lagged_annual_spline,lagged_annual,spline,p75_vs_p25,1.3840508609401936,1.898354811687448,1.0882370333665494,0.7965689996489548,1.486700890082752,60514,41045,4635,0.7976572466849654,4.5162846041965485,3,0.2108423291524267
lu_combined_pollutants_lagged_annual_spline_contrast.csv,timevarying_steps_li_lu_seq,LU,Ozone,combined_pollutants_lagged_annual_spline,lagged_annual,spline,p75_vs_p25,3.652171257681755,4.02039336776404,0.9867327331047486,0.700129063003134,1.3906600054624625,60514,41045,4635,0.7976572466849654,8.5231985729986,3,0.03635019431650231
lu_combined_pollutants_lagged_annual_spline_contrast.csv,timevarying_steps_li_lu_seq,LU,NO2,combined_pollutants_lagged_annual_spline,lagged_annual,spline,p75_vs_p25,0.4725105308270157,1.1320981135735126,0.9402818262826772,0.5354902212620986,1.651066401835832,60514,41045,4635,0.7976572466849654,2.368441933978066,3,0.4995361799862717
lu_single_pollutant_no2_cumulative_linear_contrast.csv,timevarying_steps_li_lu_seq,LU,NO2,single_pollutant_no2_cumulative_linear,cumulative,linear,p75_vs_p25,0.48000669988331846,1.15475099314138,0.9415042386417404,0.6394728438153979,1.3861890148321243,60514,41045,4635,0.7973943634746975,3.452691111457953,1,0.06314887404576253
lu_single_pollutant_no2_cumulative_spline_contrast.csv,timevarying_steps_li_lu_seq,LU,NO2,single_pollutant_no2_cumulative_spline,cumulative,spline,p75_vs_p25,0.48000669988331846,1.15475099314138,0.9678635915764484,0.6559643763772678,1.4280652511539726,60514,41045,4635,0.797417559052074,4.3261176704888,3,0.22833454332435113
lu_single_pollutant_no2_lagged_annual_linear_contrast.csv,timevarying_steps_li_lu_seq,LU,NO2,single_pollutant_no2_lagged_annual_linear,lagged_annual,linear,p75_vs_p25,0.4725105308270157,1.1320981135735126,0.9450251589998696,0.5559572284167907,1.6063691692361788,60514,41045,4635,0.7974252909111996,3.0291803580369385,1,0.08177931891743039
lu_single_pollutant_no2_lagged_annual_spline_contrast.csv,timevarying_steps_li_lu_seq,LU,NO2,single_pollutant_no2_lagged_annual_spline,lagged_annual,spline,p75_vs_p25,0.4725105308270157,1.1320981135735126,0.9699495624066646,0.5694489714930598,1.6521272330094046,60514,41045,4635,0.797417559052074,3.809888094569795,3,0.2827380725939152
lu_single_pollutant_ozone_cumulative_linear_contrast.csv,timevarying_steps_li_lu_seq,LU,Ozone,single_pollutant_ozone_cumulative_linear,cumulative,linear,p75_vs_p25,3.65204586982727,4.027564509842972,0.9986798144228702,0.7454510917046012,1.337929990088366,60514,41045,4635,0.7971933351374338,0.0030330349174511,1,0.9560803093447507
lu_single_pollutant_ozone_cumulative_spline_contrast.csv,timevarying_steps_li_lu_seq,LU,Ozone,single_pollutant_ozone_cumulative_spline,cumulative,spline,p75_vs_p25,3.65204586982727,4.027564509842972,0.9976153929850916,0.7394991156757363,1.3458251013746996,60514,41045,4635,0.7976495148258399,6.534238556021393,3,0.08832195582532563
lu_single_pollutant_ozone_lagged_annual_linear_contrast.csv,timevarying_steps_li_lu_seq,LU,Ozone,single_pollutant_ozone_lagged_annual_linear,lagged_annual,linear,p75_vs_p25,3.652171257681755,4.02039336776404,0.995373027600321,0.7209946819639602,1.374167506167201,60514,41045,4635,0.797123748405304,0.04044368765023223,1,0.8406155652963789
lu_single_pollutant_ozone_lagged_annual_spline_contrast.csv,timevarying_steps_li_lu_seq,LU,Ozone,single_pollutant_ozone_lagged_annual_spline,lagged_annual,spline,p75_vs_p25,3.652171257681755,4.02039336776404,0.9986927833691516,0.7170472485223469,1.3909645112075752,60514,41045,4635,0.7974716820659528,8.172217271133372,3,0.04258340186186196
lu_single_pollutant_pm25_cumulative_linear_contrast.csv,timevarying_steps_li_lu_seq,LU,PM2.5,single_pollutant_pm25_cumulative_linear,cumulative,linear,p75_vs_p25,1.3936627246963371,1.924045735845963,0.9814504566706996,0.6717623188527513,1.433907457840406,60514,41045,4635,0.7973325086016934,0.3116170873948125,1,0.5766895670991989
lu_single_pollutant_pm25_cumulative_spline_contrast.csv,timevarying_steps_li_lu_seq,LU,PM2.5,single_pollutant_pm25_cumulative_spline,cumulative,spline,p75_vs_p25,1.3936627246963371,1.924045735845963,1.0624028901260394,0.72387011354306,1.559257496380971,60514,41045,4635,0.7971546758418062,4.021555445979045,3,0.2591459188428165
lu_single_pollutant_pm25_lagged_annual_linear_contrast.csv,timevarying_steps_li_lu_seq,LU,PM2.5,single_pollutant_pm25_lagged_annual_linear,lagged_annual,linear,p75_vs_p25,1.3840508609401936,1.898354811687448,0.9850464003409056,0.7437002276463232,1.3047144195389748,60514,41045,4635,0.79734024046081875,0.21986005508855008,1,0.6391465700563733
lu_single_pollutant_pm25_lagged_annual_spline_contrast.csv,timevarying_steps_li_lu_seq,LU,PM2.5,single_pollutant_pm25_lagged_annual_spline,lagged_annual,spline,p75_vs_p25,1.3840508609401936,1.898354811687448,1.0620643864280888,0.7958021954129939,1.417413482170013,60514,41045,4635,0.7969845749410446,4.955744615729422,3,0.17506657218761754
ki_combined_pollutants_cumulative_linear_contrast.csv,timevarying_steps_ki_seq,KI,PM2.5,combined_pollutants_cumulative_linear,cumulative,linear,p75_vs_p25,1.4699137410747527,2.0152706385358936,1.0058212066068075,0.9245752990632684,1.0942064974966903,2781314,673351,116044,0.7446120622162578,0.3663464522332614,1,0.5450025312841821
ki_combined_pollutants_cumulative_linear_contrast.csv,timevarying_steps_ki_seq,KI,Ozone,combined_pollutants_cumulative_linear,cumulative,linear,p75_vs_p25,3.612419568100319,4.038783887454444,1.031178124658156,0.8994640866727702,1.182179856348568,2781314,673351,116044,0.7446120622162578,26.64152581517086,1,2.44922656281707e-7
ki_combined_pollutants_cumulative_linear_contrast.csv,timevarying_steps_ki_seq,KI,NO2,combined_pollutants_cumulative_linear,cumulative,linear,p75_vs_p25,0.5522583179125579,1.38809525966644,0.9834234694163642,0.9204216012624252,1.050737747650034,2781314,673351,116044,0.7446120622162578,2.4564493784812917,1,0.1170430881387509
ki_combined_pollutants_cumulative_spline_contrast.csv,timevarying_steps_ki_seq,KI,PM2.5,combined_pollutants_cumulative_spline,cumulative,spline,p75_vs_p25,1.4699137410747527,2.0152706385358936,1.0123193859348707,0.928337312922186,1.1038989006202449,2781314,673351,116044,0.7446289012865974,1.17764411872184,3,0.7583710165548798
ki_combined_pollutants_cumulative_spline_contrast.csv,timevarying_steps_ki_seq,KI,Ozone,combined_pollutants_cumulative_spline,cumulative,spline,p75_vs_p25,3.612419568100319,4.038783887454444,1.0279482316232058,0.8954709080716565,1.180024451238476,2781314,673351,116044,0.7446289012865974,29.177382859498223,3,2.055230072375065e-6
ki_combined_pollutants_cumulative_spline_contrast.csv,timevarying_steps_ki_seq,KI,NO2,combined_pollutants_cumulative_spline,cumulative,spline,p75_vs_p25,0.5522583179125579,1.38809525966644,0.9731433243950908,0.9063127018287788,1.0449019724691428,2781314,673351,116044,0.7446289012865974,4.423243090903318,3,0.2192398658678195
ki_combined_pollutants_lagged_annual_linear_contrast.csv,timevarying_steps_ki_seq,KI,PM2.5,combined_pollutants_lagged_annual_linear,lagged_annual,linear,p75_vs_p25,1.4259236324696245,1.9335416455601544,1.0108077174015355,0.8675822535123737,1.1776776639010984,2781314,673351,116044,0.7445997922839067,1.9463090287043077,1,0.16298514386951296
ki_combined_pollutants_lagged_annual_linear_contrast.csv,timevarying_steps_ki_seq,KI,Ozone,combined_pollutants_lagged_annual_linear,lagged_annual,linear,p75_vs_p25,3.6007414174079906,4.020549310113662,1.0272981022270713,0.9210088761278012,1.1458536591702737,2781314,673351,116044,0.7445997922839067,22.37475373685875,1,2.2430322970311743e-6
ki_combined_pollutants_lagged_annual_linear_contrast.csv,timevarying_steps_ki_seq,KI,NO2,combined_pollutants_lagged_annual_linear,lagged_annual,linear,p75_vs_p25,0.51655694237722,1.28970690929528,0.9694110200083444,0.9096377747853024,1.033112027406102,2781314,673351,116044,0.7445997922839067,9.211492413889914,1,0.00240500554256867
ki_combined_pollutants_lagged_annual_spline_contrast.csv,timevarying_steps_ki_seq,KI,PM2.5,combined_pollutants_lagged_annual_spline,lagged_annual,spline,p75_vs_p25,1.4259236324696245,1.9335416455601544,1.0100771860657969,0.8658658146002474,1.17830719795957,2781314,673351,116044,0.7446040020514917,3.46532898354537,3,0.3252867536125953
ki_combined_pollutants_lagged_annual_spline_contrast.csv,timevarying_steps_ki_seq,KI,Ozone,combined_pollutants_lagged_annual_spline,lagged_annual,spline,p75_vs_p25,3.6007414174079906,4.020549310113662,1.0240291598433229,0.9127441494180416,1.1488824342265278,2781314,673351,116044,0.7446040020514917,23.340654528640098,3,3.429050893647653e-5
ki_combined_pollutants_lagged_annual_spline_contrast.csv,timevarying_steps_ki_seq,KI,NO2,combined_pollutants_lagged_annual_spline,lagged_annual,spline,p75_vs_p25,0.51655694237722,1.28970690929528,0.9607069792907044,0.9006004679508789,1.0248250283034614,2781314,673351,116044,0.7446040020514917,10.855147552496229,3,0.01253549707706754
ki_single_pollutant_no2_cumulative_linear_contrast.csv,timevarying_steps_ki_seq,KI,NO2,single_pollutant_no2_cumulative_linear,cumulative,linear,p75_vs_p25,0.5522583179125579,1.38809525966644,0.971623877774244,0.912445446707332,1.03464044153849,2781314,673351,116044,0.7443927949314398,11.072876251220082,1,8.759969363659598e-4
ki_single_pollutant_no2_cumulative_spline_contrast.csv,timevarying_steps_ki_seq,KI,NO2,single_pollutant_no2_cumulative_spline,cumulative,spline,p75_vs_p25,0.5522583179125579,1.38809525966644,0.96506815469843,0.9053578976393062,1.0287164287642685,2781314,673351,116044,0.744406913054438,12.711235327487191,3,0.00530457227118593
ki_single_pollutant_no2_lagged_annual_linear_contrast.csv,timevarying_steps_ki_seq,KI,NO2,single_pollutant_no2_lagged_annual_linear,lagged_annual,linear,p75_vs_p25,0.51655694237722,1.28970690929528,0.9638862428114612,0.905129805199651,1.0264568504362328,2781314,673351,116044,0.7443869936663533,17.44429607146294,1,2.9585067208762504e-5
ki_single_pollutant_no2_lagged_annual_spline_contrast.csv,timevarying_steps_ki_seq,KI,NO2,single_pollutant_no2_lagged_annual_spline,lagged_annual,spline,p75_vs_p25,0.51655694237722,1.28970690929528,0.9572262820517532,0.8983105998120295,1.0200059481011954,2781314,673351,116044,0.7443995202918499,19.746147709484852,3,1.91594976049832e-4
ki_single_pollutant_ozone_cumulative_linear_contrast.csv,timevarying_steps_ki_seq,KI,Ozone,single_pollutant_ozone_cumulative_linear,cumulative,linear,p75_vs_p25,3.612419568100319,4.038783887454444,1.0346256805802414,0.9029865339501248,1.1854554399980153,2781314,673351,116044,0.7446200710423949,37.04785449809726,1,1.1526533966740401e-9
ki_single_pollutant_ozone_cumulative_spline_contrast.csv,timevarying_steps_ki_seq,KI,Ozone,single_pollutant_ozone_cumulative_spline,cumulative,spline,p75_vs_p25,3.612419568100319,4.038783887454444,1.0343586720344955,0.902152363641096,1.1859392110827565,2781314,673351,116044,0.7446254102598197,40.13531727190472,3,9.974074194707584e-9
ki_single_pollutant_ozone_lagged_annual_linear_contrast.csv,timevarying_steps_ki_seq,KI,Ozone,single_pollutant_ozone_lagged_annual_linear,lagged_annual,linear,p75_vs_p25,3.6007414174079906,4.020549310113662,1.032847112170672,0.9260847119740724,1.1519174685924012,2781314,673351,116044,0.7446050801627024,35.2723074321614,1,2.8667953030717867e-9
ki_single_pollutant_ozone_lagged_annual_spline_contrast.csv,timevarying_steps_ki_seq,KI,Ozone,single_pollutant_ozone_lagged_annual_spline,lagged_annual,spline,p75_vs_p25,3.6007414174079906,4.020549310113662,1.0315702035870458,0.923908464614722,1.151777611835577,2781314,673351,116044,0.7445971740138234,35.776925255984025,3,8.347330408640738e-8
ki_single_pollutant_pm25_cumulative_linear_contrast.csv,timevarying_steps_ki_seq,KI,PM2.5,single_pollutant_pm25_cumulative_linear,cumulative,linear,p75_vs_p25,1.4699137410747527,2.0152706385358936,0.999442704357105,0.9191905124566004,1.086701511553957,2781314,673351,116044,0.7443656367966544,0.00458446029881665,1,0.9460175692080328
ki_single_pollutant_pm25_cumulative_spline_contrast.csv,timevarying_steps_ki_seq,KI,PM2.5,single_pollutant_pm25_cumulative_spline,cumulative,spline,p75_vs_p25,1.4699137410747527,2.0152706385358936,1.0019700200097776,0.9207951960096444,1.0903009978213212,2781314,673351,116044,0.7443787281470708,0.5355652952176841,3,0.9110112083338046
ki_single_pollutant_pm25_lagged_annual_linear_contrast.csv,timevarying_steps_ki_seq,KI,PM2.5,single_pollutant_pm25_lagged_annual_linear,lagged_annual,linear,p75_vs_p25,1.4259236324696245,1.9335416455601544,1.0030230198351338,0.862394183301961,1.166583910001777,2781314,673351,116044,0.7443834513009465,0.1899838233531688,1,0.662930081537539
ki_single_pollutant_pm25_lagged_annual_spline_contrast.csv,timevarying_steps_ki_seq,KI,PM2.5,single_pollutant_pm25_lagged_annual_spline,lagged_annual,spline,p75_vs_p25,1.4259236324696245,1.9335416455601544,0.9974614235719425,0.8574161356500791,1.1603808817521573,2781314,673351,116044,0.7443720541252898,1.5305279535059957,3,0.675242628462716
hr_combined_pollutants_cumulative_spline_contrast.csv,timevarying_steps_curve_hr,HR,PM2.5,combined_pollutants_cumulative_spline,cumulative,spline,p75_vs_p25,1.4068080361684163,1.934182680736889,1.0530269004772832,0.8003825099090988,1.3854196454826708,125985,72946,9705,0.7571797823880883,3.493326957312651,3,0.3216286239248951
hr_combined_pollutants_cumulative_spline_contrast.csv,timevarying_steps_curve_hr,HR,Ozone,combined_pollutants_cumulative_spline,cumulative,spline,p75_vs_p25,3.635269698590944,4.004470092228481,1.068068820500898,0.7730309787701917,1.4757118882105116,125985,72946,9705,0.7571797823880883,3.7329516945001338,3,0.2917818869886758
hr_combined_pollutants_cumulative_spline_contrast.csv,timevarying_steps_curve_hr,HR,NO2,combined_pollutants_cumulative_spline,cumulative,spline,p75_vs_p25,0.497162420422423,1.20883533477783,0.9730923665956648,0.810180504644575,1.168762699791399,125985,72946,9705,0.7571797823880883,3.087306974719352,3,0.37835906142917686
hr_combined_pollutants_lagged_annual_spline_contrast.csv,timevarying_steps_curve_hr,HR,PM2.5,combined_pollutants_lagged_annual_spline,lagged_annual,spline,p75_vs_p25,1.3914728322620171,1.8993543167908984,1.028343753380805,0.785318335707105,1.346576066080453,125985,72946,9705,0.7571797823880883,0.5996625831155711,3,0.8965096128898266
hr_combined_pollutants_lagged_annual_spline_contrast.csv,timevarying_steps_curve_hr,HR,Ozone,combined_pollutants_lagged_annual_spline,lagged_annual,spline,p75_vs_p25,3.631734973390638,3.9946492637599937,1.0527012950853474,0.841370794338835,1.3171125312772431,125985,72946,9705,0.7571797823880883,2.443899454269307,3,0.4855150704634183
hr_combined_pollutants_lagged_annual_spline_contrast.csv,timevarying_steps_curve_hr,HR,NO2,combined_pollutants_lagged_annual_spline,lagged_annual,spline,p75_vs_p25,0.48319614572490704,1.17559146881104,0.9653000252458104,0.7405193088593375,1.2583117382514588,125985,72946,9705,0.7571797823880883,4.440956622107395,3,0.217617673207677
hr_single_pollutant_no2_cumulative_spline_contrast.csv,timevarying_steps_curve_hr,HR,NO2,single_pollutant_no2_cumulative_spline,cumulative,spline,p75_vs_p25,0.497162420422423,1.20883533477783,0.9793531812397496,0.8198891360530525,1.1698321290384257,125985,72946,9705,0.7572116369130235,3.3428538206466536,3,0.3417225885804361
hr_single_pollutant_no2_lagged_annual_spline_contrast.csv,timevarying_steps_curve_hr,HR,NO2,single_pollutant_no2_lagged_annual_spline,lagged_annual,spline,p75_vs_p25,0.48319614572490704,1.17559146881104,0.9696463502431932,0.7497400790198068,1.254053332415095,125985,72946,9705,0.7573299537199258,4.450329276041539,3,0.21676382428395133
hr_single_pollutant_ozone_cumulative_spline_contrast.csv,timevarying_steps_curve_hr,HR,Ozone,single_pollutant_ozone_cumulative_spline,cumulative,spline,p75_vs_p25,3.635269698590944,4.004470092228481,1.061346943789991,0.7748948883470889,1.453690496649391,125985,72946,9705,0.7570296110562506,3.571528874528834,3,0.3116028725889927
hr_single_pollutant_ozone_lagged_annual_spline_contrast.csv,timevarying_steps_curve_hr,HR,Ozone,single_pollutant_ozone_lagged_annual_spline,lagged_annual,spline,p75_vs_p25,3.631734973390638,3.9946492637599937,1.049092727702961,0.8431749110068195,1.3052992172229585,125985,72946,9705,0.7569613513599607,2.3267480161182292,3,0.5074160730448494
hr_single_pollutant_pm25_cumulative_spline_contrast.csv,timevarying_steps_curve_hr,HR,PM2.5,single_pollutant_pm25_cumulative_spline,cumulative,spline,p75_vs_p25,1.4068080361684163,1.934182680736889,1.0401419521319653,0.7934973585689956,1.3634516471938871,125985,72946,9705,0.7568339332602196,4.992843326830575,3,0.1723219417783983
hr_single_pollutant_pm25_lagged_annual_spline_contrast.csv,timevarying_steps_curve_hr,HR,PM2.5,single_pollutant_pm25_lagged_annual_spline,lagged_annual,spline,p75_vs_p25,1.3914728322620171,1.8993543167908984,1.0120307347031252,0.7762722386431353,1.3193904882827985,125985,72946,9705,0.7568157306745423,1.4576056055077022,3,0.6920889198158031
li_combined_pollutants_cumulative_spline_contrast.csv,timevarying_steps_curve_li_lu,LI,PM2.5,combined_pollutants_cumulative_spline,cumulative,spline,p75_vs_p25,1.418166418148901,1.9992868747976096,0.9810631833006536,0.6941932816525371,1.3864798105461384,421374,216497,41324,0.7941188292591426,1.2580220625204412,3,0.7391244504344463
li_combined_pollutants_cumulative_spline_contrast.csv,timevarying_steps_curve_li_lu,LI,Ozone,combined_pollutants_cumulative_spline,cumulative,spline,p75_vs_p25,3.642077856437832,4.0914002976953485,1.03646350660135,0.913168638080273,1.1764054915144084,421374,216497,41324,0.7941188292591426,6.586560943087356,3,0.08631055611634528
li_combined_pollutants_cumulative_spline_contrast.csv,timevarying_steps_curve_li_lu,LI,NO2,combined_pollutants_cumulative_spline,cumulative,spline,p75_vs_p25,0.508116940406361,1.2983450415254638,0.9849986599526088,0.8643430740105784,1.1224968294204911,421374,216497,41324,0.7941188292591426,1.5307363337586066,3,0.6751947842410719
li_combined_pollutants_lagged_annual_spline_contrast.csv,timevarying_steps_curve_li_lu,LI,PM2.5,combined_pollutants_lagged_annual_spline,lagged_annual,spline,p75_vs_p25,1.3979009508151583,1.9507275202335443,0.9809740088289396,0.8315651609801088,1.1572274202345267,421374,216497,41324,0.7941121301240011,1.0649506635814368,3,0.785541148425316
li_combined_pollutants_lagged_annual_spline_contrast.csv,timevarying_steps_curve_li_lu,LI,Ozone,combined_pollutants_lagged_annual_spline,lagged_annual,spline,p75_vs_p25,3.637355819465481,4.083297200472483,1.053984957793946,0.7821850984436888,1.4202319802131604,421374,216497,41324,0.7941121301240011,12.702153590530903,3,0.00532705618681409
li_combined_pollutants_lagged_annual_spline_contrast.csv,timevarying_steps_curve_li_lu,LI,NO2,combined_pollutants_lagged_annual_spline,lagged_annual,spline,p75_vs_p25,0.49071150749528625,1.24663695335388,0.9893572047932588,0.6858902795349856,1.4270907576353875,421374,216497,41324,0.7941121301240011,1.147971509711559,3,0.7655079796024404
li_single_pollutant_no2_cumulative_spline_contrast.csv,timevarying_steps_curve_li_lu,LI,NO2,single_pollutant_no2_cumulative_spline,cumulative,spline,p75_vs_p25,0.508116940406361,1.2983450415254638,0.9732884886253286,0.8553711282170682,1.107461370674393,421374,216497,41324,0.7941422762321384,4.906737525664338,3,0.17875505460273966
li_single_pollutant_no2_lagged_annual_spline_contrast.csv,timevarying_steps_curve_li_lu,LI,NO2,single_pollutant_no2_lagged_annual_spline,lagged_annual,spline,p75_vs_p25,0.49071150749528625,1.24663695335388,0.9763255148117091,0.677316862306123,1.4073346817719292,421374,216497,41324,0.7941305527456406,3.806224505764328,3,0.2831629460261782
li_single_pollutant_ozone_cumulative_spline_contrast.csv,timevarying_steps_curve_li_lu,LI,Ozone,single_pollutant_ozone_cumulative_spline,cumulative,spline,p75_vs_p25,3.642077856437832,4.0914002976953485,1.0395493975885828,0.9170625432079976,1.1783961279745363,421374,216497,41324,0.7940846636699201,7.412471085602904,3,0.05985061329397768
li_single_pollutant_ozone_lagged_annual_spline_contrast.csv,timevarying_steps_curve_li_lu,LI,Ozone,single_pollutant_ozone_lagged_annual_spline,lagged_annual,spline,p75_vs_p25,3.637355819465481,4.083297200472483,1.0556228910178729,0.7838325470094326,1.4216552914171372,421374,216497,41324,0.7941024163780456,13.530623604745893,3,0.00361894383553661
li_single_pollutant_pm25_cumulative_spline_contrast.csv,timevarying_steps_curve_li_lu,LI,PM2.5,single_pollutant_pm25_cumulative_spline,cumulative,spline,p75_vs_p25,1.418166418148901,1.9992868747976096,0.9786454495958729,0.6933371451160106,1.381358149871598,421374,216497,41324,0.7941231836969846,2.06576865255417,3,0.5588689790462149
li_single_pollutant_pm25_lagged_annual_spline_contrast.csv,timevarying_steps_curve_li_lu,LI,PM2.5,single_pollutant_pm25_lagged_annual_spline,lagged_annual,spline,p75_vs_p25,1.3979009508151583,1.9507275202335443,0.9826712015368112,0.8373432200502758,1.1532220805129598,421374,216497,41324,0.7940893530645194,1.2196151249047902,3,0.7483037409383801
lu_combined_pollutants_cumulative_spline_contrast.csv,timevarying_steps_curve_li_lu,LU,PM2.5,combined_pollutants_cumulative_spline,cumulative,spline,p75_vs_p25,1.3936627246963371,1.924045735845963,1.0882416424430246,0.73672340297697,1.6074823570985597,60514,41045,4635,0.7977036378397185,3.7119966355466687,3,0.2942896736053959
lu_combined_pollutants_cumulative_spline_contrast.csv,timevarying_steps_curve_li_lu,LU,Ozone,combined_pollutants_cumulative_spline,cumulative,spline,p75_vs_p25,3.65204586982727,4.027564509842972,0.9776894951813132,0.722039155847107,1.323857219164856,60514,41045,4635,0.7977036378397185,7.197080498938439,3,0.0658744998770086
lu_combined_pollutants_cumulative_spline_contrast.csv,timevarying_steps_curve_li_lu,LU,NO2,combined_pollutants_cumulative_spline,cumulative,spline,p75_vs_p25,0.48000669988331846,1.15475099314138,0.943334884955614,0.6233406053821177,1.4275994496278814,60514,41045,4635,0.7977036378397185,3.0103450908505245,3,0.3900329152536806
lu_combined_pollutants_lagged_annual_spline_contrast.csv,timevarying_steps_curve_li_lu,LU,PM2.5,combined_pollutants_lagged_annual_spline,lagged_annual,spline,p75_vs_p25,1.3840508609401936,1.898354811687448,1.0882370333665494,0.7965689996489548,1.486700890082752,60514,41045,4635,0.7976572466849654,4.5162846041965485,3,0.2108423291524267
lu_combined_pollutants_lagged_annual_spline_contrast.csv,timevarying_steps_curve_li_lu,LU,Ozone,combined_pollutants_lagged_annual_spline,lagged_annual,spline,p75_vs_p25,3.652171257681755,4.02039336776404,0.9867327331047486,0.700129063003134,1.3906600054624625,60514,41045,4635,0.7976572466849654,8.5231985729986,3,0.03635019431650231
lu_combined_pollutants_lagged_annual_spline_contrast.csv,timevarying_steps_curve_li_lu,LU,NO2,combined_pollutants_lagged_annual_spline,lagged_annual,spline,p75_vs_p25,0.4725105308270157,1.1320981135735126,0.9402818262826772,0.5354902212620986,1.651066401835832,60514,41045,4635,0.7976572466849654,2.368441933978066,3,0.4995361799862717
lu_single_pollutant_no2_cumulative_spline_contrast.csv,timevarying_steps_curve_li_lu,LU,NO2,single_pollutant_no2_cumulative_spline,cumulative,spline,p75_vs_p25,0.48000669988331846,1.15475099314138,0.9678635915764484,0.6559643763772678,1.4280652511539726,60514,41045,4635,0.797417559052074,4.3261176704888,3,0.22833454332435113
lu_single_pollutant_no2_lagged_annual_spline_contrast.csv,timevarying_steps_curve_li_lu,LU,NO2,single_pollutant_no2_lagged_annual_spline,lagged_annual,spline,p75_vs_p25,0.4725105308270157,1.1320981135735126,0.9699495624066646,0.5694489714930598,1.6521272330094046,60514,41045,4635,0.797417559052074,3.809888094569795,3,0.2827380725939152
lu_single_pollutant_ozone_cumulative_spline_contrast.csv,timevarying_steps_curve_li_lu,LU,Ozone,single_pollutant_ozone_cumulative_spline,cumulative,spline,p75_vs_p25,3.65204586982727,4.027564509842972,0.9976153929850916,0.7394991156757363,1.3458251013746996,60514,41045,4635,0.7976495148258399,6.534238556021393,3,0.08832195582532563
lu_single_pollutant_ozone_lagged_annual_spline_contrast.csv,timevarying_steps_curve_li_lu,LU,Ozone,single_pollutant_ozone_lagged_annual_spline,lagged_annual,spline,p75_vs_p25,3.652171257681755,4.02039336776404,0.9986927833691516,0.7170472485223469,1.3909645112075752,60514,41045,4635,0.7974716820659528,8.172217271133372,3,0.04258340186186196
lu_single_pollutant_pm25_cumulative_spline_contrast.csv,timevarying_steps_curve_li_lu,LU,PM2.5,single_pollutant_pm25_cumulative_spline,cumulative,spline,p75_vs_p25,1.3936627246963371,1.924045735845963,1.0624028901260394,0.72387011354306,1.559257496380971,60514,41045,4635,0.7971546758418062,4.021555445979045,3,0.2591459188428165
lu_single_pollutant_pm25_lagged_annual_spline_contrast.csv,timevarying_steps_curve_li_lu,LU,PM2.5,single_pollutant_pm25_lagged_annual_spline,lagged_annual,spline,p75_vs_p25,1.3840508609401936,1.898354811687448,1.0620643864280888,0.7958021954129939,1.417413482170013,60514,41045,4635,0.7969845749410446,4.955744615729422,3,0.17506657218761754
ki_combined_pollutants_cumulative_spline_contrast.csv,timevarying_steps_curve_ki,KI,PM2.5,combined_pollutants_cumulative_spline,cumulative,spline,p75_vs_p25,1.4699137410747527,2.0152706385358936,1.0123193859348707,0.928337312922186,1.1038989006202449,2781314,673351,116044,0.7446289012865974,1.17764411872184,3,0.7583710165548798
ki_combined_pollutants_cumulative_spline_contrast.csv,timevarying_steps_curve_ki,KI,Ozone,combined_pollutants_cumulative_spline,cumulative,spline,p75_vs_p25,3.612419568100319,4.038783887454444,1.0279482316232058,0.8954709080716565,1.180024451238476,2781314,673351,116044,0.7446289012865974,29.177382859498223,3,2.055230072375065e-6
ki_combined_pollutants_cumulative_spline_contrast.csv,timevarying_steps_curve_ki,KI,NO2,combined_pollutants_cumulative_spline,cumulative,spline,p75_vs_p25,0.5522583179125579,1.38809525966644,0.9731433243950908,0.9063127018287788,1.0449019724691428,2781314,673351,116044,0.7446289012865974,4.423243090903318,3,0.2192398658678195
ki_combined_pollutants_lagged_annual_spline_contrast.csv,timevarying_steps_curve_ki,KI,PM2.5,combined_pollutants_lagged_annual_spline,lagged_annual,spline,p75_vs_p25,1.4259236324696245,1.9335416455601544,1.0100771860657969,0.8658658146002474,1.17830719795957,2781314,673351,116044,0.7446040020514917,3.46532898354537,3,0.3252867536125953
ki_combined_pollutants_lagged_annual_spline_contrast.csv,timevarying_steps_curve_ki,KI,Ozone,combined_pollutants_lagged_annual_spline,lagged_annual,spline,p75_vs_p25,3.6007414174079906,4.020549310113662,1.0240291598433229,0.9127441494180416,1.1488824342265278,2781314,673351,116044,0.7446040020514917,23.340654528640098,3,3.429050893647653e-5
ki_combined_pollutants_lagged_annual_spline_contrast.csv,timevarying_steps_curve_ki,KI,NO2,combined_pollutants_lagged_annual_spline,lagged_annual,spline,p75_vs_p25,0.51655694237722,1.28970690929528,0.9607069792907044,0.9006004679508789,1.0248250283034614,2781314,673351,116044,0.7446040020514917,10.855147552496229,3,0.01253549707706754
ki_single_pollutant_no2_cumulative_spline_contrast.csv,timevarying_steps_curve_ki,KI,NO2,single_pollutant_no2_cumulative_spline,cumulative,spline,p75_vs_p25,0.5522583179125579,1.38809525966644,0.96506815469843,0.9053578976393062,1.0287164287642685,2781314,673351,116044,0.744406913054438,12.711235327487191,3,0.00530457227118593
ki_single_pollutant_no2_lagged_annual_spline_contrast.csv,timevarying_steps_curve_ki,KI,NO2,single_pollutant_no2_lagged_annual_spline,lagged_annual,spline,p75_vs_p25,0.51655694237722,1.28970690929528,0.9572262820517532,0.8983105998120295,1.0200059481011954,2781314,673351,116044,0.7443995202918499,19.746147709484852,3,1.91594976049832e-4
ki_single_pollutant_ozone_cumulative_spline_contrast.csv,timevarying_steps_curve_ki,KI,Ozone,single_pollutant_ozone_cumulative_spline,cumulative,spline,p75_vs_p25,3.612419568100319,4.038783887454444,1.0343586720344955,0.902152363641096,1.1859392110827565,2781314,673351,116044,0.7446254102598197,40.13531727190472,3,9.974074194707584e-9
ki_single_pollutant_ozone_lagged_annual_spline_contrast.csv,timevarying_steps_curve_ki,KI,Ozone,single_pollutant_ozone_lagged_annual_spline,lagged_annual,spline,p75_vs_p25,3.6007414174079906,4.020549310113662,1.0315702035870458,0.923908464614722,1.151777611835577,2781314,673351,116044,0.7445971740138234,35.776925255984025,3,8.347330408640738e-8
ki_single_pollutant_pm25_cumulative_spline_contrast.csv,timevarying_steps_curve_ki,KI,PM2.5,single_pollutant_pm25_cumulative_spline,cumulative,spline,p75_vs_p25,1.4699137410747527,2.0152706385358936,1.0019700200097776,0.9207951960096444,1.0903009978213212,2781314,673351,116044,0.7443787281470708,0.5355652952176841,3,0.9110112083338046
ki_single_pollutant_pm25_lagged_annual_spline_contrast.csv,timevarying_steps_curve_ki,KI,PM2.5,single_pollutant_pm25_lagged_annual_spline,lagged_annual,spline,p75_vs_p25,1.4259236324696245,1.9335416455601544,0.9974614235719425,0.8574161356500791,1.1603808817521573,2781314,673351,116044,0.7443720541252898,1.5305279535059957,3,0.675242628462716
