organ,organ_label,model,focal_term,exposure,exposure_label,curve_group,curve_exposure_value,source_n,n,sampled,finegray_max_n,time_days,cif
LI,Liver,no2,no2_10unit,NO2 per 10 units,NO2,Q1 reference,0.42798817957587176,217632,998,TRUE,1000,1,0.005502946625861482
LI,Liver,no2,no2_10unit,NO2 per 10 units,NO2,Q1 reference,0.42798817957587176,217632,998,TRUE,1000,2,0.007349434460250159
LI,Liver,no2,no2_10unit,NO2 per 10 units,NO2,Q1 reference,0.42798817957587176,217632,998,TRUE,1000,3,0.008276494840707471
LI,Liver,no2,no2_10unit,NO2 per 10 units,NO2,Q1 reference,0.42798817957587176,217632,998,TRUE,1000,4,0.011055498482998138
LI,Liver,no2,no2_10unit,NO2 per 10 units,NO2,Q1 reference,0.42798817957587176,217632,998,TRUE,1000,6,0.012913965410950579
LI,Liver,no2,no2_10unit,NO2 per 10 units,NO2,Q1 reference,0.42798817957587176,217632,998,TRUE,1000,8,0.014916497940645645
LI,Liver,no2,no2_10unit,NO2 per 10 units,NO2,Q1 reference,0.42798817957587176,217632,998,TRUE,1000,9,0.01791591120638525
LI,Liver,no2,no2_10unit,NO2 per 10 units,NO2,Q1 reference,0.42798817957587176,217632,998,TRUE,1000,10,0.019923807856952025
LI,Liver,no2,no2_10unit,NO2 per 10 units,NO2,Q1 reference,0.42798817957587176,217632,998,TRUE,1000,11,0.020928083155549282
LI,Liver,no2,no2_10unit,NO2 per 10 units,NO2,Q1 reference,0.42798817957587176,217632,998,TRUE,1000,12,0.022935703797883122
LI,Liver,no2,no2_10unit,NO2 per 10 units,NO2,Q1 reference,0.42798817957587176,217632,998,TRUE,1000,13,0.02394119191436561
LI,Liver,no2,no2_10unit,NO2 per 10 units,NO2,Q1 reference,0.42798817957587176,217632,998,TRUE,1000,14,0.02695746492842821
LI,Liver,no2,no2_10unit,NO2 per 10 units,NO2,Q1 reference,0.42798817957587176,217632,998,TRUE,1000,19,0.027962773425402543
LI,Liver,no2,no2_10unit,NO2 per 10 units,NO2,Q1 reference,0.42798817957587176,217632,998,TRUE,1000,21,0.029972111125661782
LI,Liver,no2,no2_10unit,NO2 per 10 units,NO2,Q1 reference,0.42798817957587176,217632,998,TRUE,1000,24,0.0309763373934393
LI,Liver,no2,no2_10unit,NO2 per 10 units,NO2,Q1 reference,0.42798817957587176,217632,998,TRUE,1000,25,0.03298323079131793
LI,Liver,no2,no2_10unit,NO2 per 10 units,NO2,Q1 reference,0.42798817957587176,217632,998,TRUE,1000,30,0.03499301337098826
LI,Liver,no2,no2_10unit,NO2 per 10 units,NO2,Q1 reference,0.42798817957587176,217632,998,TRUE,1000,32,0.03700358008393689
LI,Liver,no2,no2_10unit,NO2 per 10 units,NO2,Q1 reference,0.42798817957587176,217632,998,TRUE,1000,35,0.039015709233944484
LI,Liver,no2,no2_10unit,NO2 per 10 units,NO2,Q1 reference,0.42798817957587176,217632,998,TRUE,1000,36,0.041026112475057164
LI,Liver,no2,no2_10unit,NO2 per 10 units,NO2,Q1 reference,0.42798817957587176,217632,998,TRUE,1000,37,0.04203147501827098
LI,Liver,no2,no2_10unit,NO2 per 10 units,NO2,Q1 reference,0.42798817957587176,217632,998,TRUE,1000,38,0.04303853356198295
LI,Liver,no2,no2_10unit,NO2 per 10 units,NO2,Q1 reference,0.42798817957587176,217632,998,TRUE,1000,42,0.0450550003685819
LI,Liver,no2,no2_10unit,NO2 per 10 units,NO2,Q1 reference,0.42798817957587176,217632,998,TRUE,1000,43,0.0460647568159569
LI,Liver,no2,no2_10unit,NO2 per 10 units,NO2,Q1 reference,0.42798817957587176,217632,998,TRUE,1000,44,0.04707514921780365
LI,Liver,no2,no2_10unit,NO2 per 10 units,NO2,Q1 reference,0.42798817957587176,217632,998,TRUE,1000,46,0.04909497769265281
LI,Liver,no2,no2_10unit,NO2 per 10 units,NO2,Q1 reference,0.42798817957587176,217632,998,TRUE,1000,48,0.051114400917032565
LI,Liver,no2,no2_10unit,NO2 per 10 units,NO2,Q1 reference,0.42798817957587176,217632,998,TRUE,1000,49,0.053135798983598215
LI,Liver,no2,no2_10unit,NO2 per 10 units,NO2,Q1 reference,0.42798817957587176,217632,998,TRUE,1000,53,0.05414984221951502
LI,Liver,no2,no2_10unit,NO2 per 10 units,NO2,Q1 reference,0.42798817957587176,217632,998,TRUE,1000,55,0.05516474172162744
LI,Liver,no2,no2_10unit,NO2 per 10 units,NO2,Q1 reference,0.42798817957587176,217632,998,TRUE,1000,56,0.056179109595716814
LI,Liver,no2,no2_10unit,NO2 per 10 units,NO2,Q1 reference,0.42798817957587176,217632,998,TRUE,1000,63,0.057194038815257975
LI,Liver,no2,no2_10unit,NO2 per 10 units,NO2,Q1 reference,0.42798817957587176,217632,998,TRUE,1000,65,0.058209141057201985
LI,Liver,no2,no2_10unit,NO2 per 10 units,NO2,Q1 reference,0.42798817957587176,217632,998,TRUE,1000,68,0.059224103854487065
LI,Liver,no2,no2_10unit,NO2 per 10 units,NO2,Q1 reference,0.42798817957587176,217632,998,TRUE,1000,72,0.06023883724549384
LI,Liver,no2,no2_10unit,NO2 per 10 units,NO2,Q1 reference,0.42798817957587176,217632,998,TRUE,1000,75,0.06125476782290418
LI,Liver,no2,no2_10unit,NO2 per 10 units,NO2,Q1 reference,0.42798817957587176,217632,998,TRUE,1000,76,0.062270759781467455
LI,Liver,no2,no2_10unit,NO2 per 10 units,NO2,Q1 reference,0.42798817957587176,217632,998,TRUE,1000,77,0.06328769921812305
LI,Liver,no2,no2_10unit,NO2 per 10 units,NO2,Q1 reference,0.42798817957587176,217632,998,TRUE,1000,83,0.0643045127330859
LI,Liver,no2,no2_10unit,NO2 per 10 units,NO2,Q1 reference,0.42798817957587176,217632,998,TRUE,1000,88,0.06532101009445379
LI,Liver,no2,no2_10unit,NO2 per 10 units,NO2,Q1 reference,0.42798817957587176,217632,998,TRUE,1000,98,0.06634423348417118
LI,Liver,no2,no2_10unit,NO2 per 10 units,NO2,Q1 reference,0.42798817957587176,217632,998,TRUE,1000,100,0.06736782355244164
LI,Liver,no2,no2_10unit,NO2 per 10 units,NO2,Q1 reference,0.42798817957587176,217632,998,TRUE,1000,105,0.06839378793814588
LI,Liver,no2,no2_10unit,NO2 per 10 units,NO2,Q1 reference,0.42798817957587176,217632,998,TRUE,1000,106,0.06942044661873803
LI,Liver,no2,no2_10unit,NO2 per 10 units,NO2,Q1 reference,0.42798817957587176,217632,998,TRUE,1000,108,0.07044707184296373
LI,Liver,no2,no2_10unit,NO2 per 10 units,NO2,Q1 reference,0.42798817957587176,217632,998,TRUE,1000,109,0.07249984452584624
LI,Liver,no2,no2_10unit,NO2 per 10 units,NO2,Q1 reference,0.42798817957587176,217632,998,TRUE,1000,112,0.0735281766264334
LI,Liver,no2,no2_10unit,NO2 per 10 units,NO2,Q1 reference,0.42798817957587176,217632,998,TRUE,1000,117,0.07455639700882721
LI,Liver,no2,no2_10unit,NO2 per 10 units,NO2,Q1 reference,0.42798817957587176,217632,998,TRUE,1000,121,0.0755865374116107
LI,Liver,no2,no2_10unit,NO2 per 10 units,NO2,Q1 reference,0.42798817957587176,217632,998,TRUE,1000,122,0.07765041237265957
LI,Liver,no2,no2_10unit,NO2 per 10 units,NO2,Q1 reference,0.42798817957587176,217632,998,TRUE,1000,123,0.07868365521846743
LI,Liver,no2,no2_10unit,NO2 per 10 units,NO2,Q1 reference,0.42798817957587176,217632,998,TRUE,1000,124,0.07971664702123626
LI,Liver,no2,no2_10unit,NO2 per 10 units,NO2,Q1 reference,0.42798817957587176,217632,998,TRUE,1000,127,0.08074976347271834
LI,Liver,no2,no2_10unit,NO2 per 10 units,NO2,Q1 reference,0.42798817957587176,217632,998,TRUE,1000,133,0.08178348946879488
LI,Liver,no2,no2_10unit,NO2 per 10 units,NO2,Q1 reference,0.42798817957587176,217632,998,TRUE,1000,138,0.08281997155069576
LI,Liver,no2,no2_10unit,NO2 per 10 units,NO2,Q1 reference,0.42798817957587176,217632,998,TRUE,1000,141,0.08489700938784905
LI,Liver,no2,no2_10unit,NO2 per 10 units,NO2,Q1 reference,0.42798817957587176,217632,998,TRUE,1000,142,0.08593561906449765
LI,Liver,no2,no2_10unit,NO2 per 10 units,NO2,Q1 reference,0.42798817957587176,217632,998,TRUE,1000,144,0.0869736823887669
LI,Liver,no2,no2_10unit,NO2 per 10 units,NO2,Q1 reference,0.42798817957587176,217632,998,TRUE,1000,158,0.0880129155405478
LI,Liver,no2,no2_10unit,NO2 per 10 units,NO2,Q1 reference,0.42798817957587176,217632,998,TRUE,1000,161,0.09009158243201676
LI,Liver,no2,no2_10unit,NO2 per 10 units,NO2,Q1 reference,0.42798817957587176,217632,998,TRUE,1000,164,0.091132616521728
LI,Liver,no2,no2_10unit,NO2 per 10 units,NO2,Q1 reference,0.42798817957587176,217632,998,TRUE,1000,168,0.09217491713350245
LI,Liver,no2,no2_10unit,NO2 per 10 units,NO2,Q1 reference,0.42798817957587176,217632,998,TRUE,1000,175,0.09321731796959298
LI,Liver,no2,no2_10unit,NO2 per 10 units,NO2,Q1 reference,0.42798817957587176,217632,998,TRUE,1000,179,0.09426242180930189
LI,Liver,no2,no2_10unit,NO2 per 10 units,NO2,Q1 reference,0.42798817957587176,217632,998,TRUE,1000,182,0.095307224795012635
LI,Liver,no2,no2_10unit,NO2 per 10 units,NO2,Q1 reference,0.42798817957587176,217632,998,TRUE,1000,189,0.09635099991692786
LI,Liver,no2,no2_10unit,NO2 per 10 units,NO2,Q1 reference,0.42798817957587176,217632,998,TRUE,1000,193,0.09739443894013833
LI,Liver,no2,no2_10unit,NO2 per 10 units,NO2,Q1 reference,0.42798817957587176,217632,998,TRUE,1000,196,0.09948327137501445
LI,Liver,no2,no2_10unit,NO2 per 10 units,NO2,Q1 reference,0.42798817957587176,217632,998,TRUE,1000,198,0.10052912535196323
LI,Liver,no2,no2_10unit,NO2 per 10 units,NO2,Q1 reference,0.42798817957587176,217632,998,TRUE,1000,201,0.10157466391779957
LI,Liver,no2,no2_10unit,NO2 per 10 units,NO2,Q1 reference,0.42798817957587176,217632,998,TRUE,1000,206,0.10262122694643872
LI,Liver,no2,no2_10unit,NO2 per 10 units,NO2,Q1 reference,0.42798817957587176,217632,998,TRUE,1000,218,0.10366888823347242
LI,Liver,no2,no2_10unit,NO2 per 10 units,NO2,Q1 reference,0.42798817957587176,217632,998,TRUE,1000,223,0.10471887751674314
LI,Liver,no2,no2_10unit,NO2 per 10 units,NO2,Q1 reference,0.42798817957587176,217632,998,TRUE,1000,225,0.10577541969228255
LI,Liver,no2,no2_10unit,NO2 per 10 units,NO2,Q1 reference,0.42798817957587176,217632,998,TRUE,1000,226,0.10683190293878975
LI,Liver,no2,no2_10unit,NO2 per 10 units,NO2,Q1 reference,0.42798817957587176,217632,998,TRUE,1000,229,0.10789071732925049
LI,Liver,no2,no2_10unit,NO2 per 10 units,NO2,Q1 reference,0.42798817957587176,217632,998,TRUE,1000,230,0.10894940060701597
LI,Liver,no2,no2_10unit,NO2 per 10 units,NO2,Q1 reference,0.42798817957587176,217632,998,TRUE,1000,232,0.11000927127608495
LI,Liver,no2,no2_10unit,NO2 per 10 units,NO2,Q1 reference,0.42798817957587176,217632,998,TRUE,1000,251,0.1110731774600574
LI,Liver,no2,no2_10unit,NO2 per 10 units,NO2,Q1 reference,0.42798817957587176,217632,998,TRUE,1000,252,0.11213813044540366
LI,Liver,no2,no2_10unit,NO2 per 10 units,NO2,Q1 reference,0.42798817957587176,217632,998,TRUE,1000,272,0.11320382939305651
LI,Liver,no2,no2_10unit,NO2 per 10 units,NO2,Q1 reference,0.42798817957587176,217632,998,TRUE,1000,274,0.1142700410758033
LI,Liver,no2,no2_10unit,NO2 per 10 units,NO2,Q1 reference,0.42798817957587176,217632,998,TRUE,1000,278,0.11533645252139624
LI,Liver,no2,no2_10unit,NO2 per 10 units,NO2,Q1 reference,0.42798817957587176,217632,998,TRUE,1000,279,0.11640614886676937
LI,Liver,no2,no2_10unit,NO2 per 10 units,NO2,Q1 reference,0.42798817957587176,217632,998,TRUE,1000,283,0.1174768027220745
LI,Liver,no2,no2_10unit,NO2 per 10 units,NO2,Q1 reference,0.42798817957587176,217632,998,TRUE,1000,284,0.11854780715007629
LI,Liver,no2,no2_10unit,NO2 per 10 units,NO2,Q1 reference,0.42798817957587176,217632,998,TRUE,1000,290,0.11961826717829038
LI,Liver,no2,no2_10unit,NO2 per 10 units,NO2,Q1 reference,0.42798817957587176,217632,998,TRUE,1000,295,0.12176039455386134
LI,Liver,no2,no2_10unit,NO2 per 10 units,NO2,Q1 reference,0.42798817957587176,217632,998,TRUE,1000,298,0.12283378555812718
LI,Liver,no2,no2_10unit,NO2 per 10 units,NO2,Q1 reference,0.42798817957587176,217632,998,TRUE,1000,302,0.12391095483368697
LI,Liver,no2,no2_10unit,NO2 per 10 units,NO2,Q1 reference,0.42798817957587176,217632,998,TRUE,1000,322,0.12499121149437675
LI,Liver,no2,no2_10unit,NO2 per 10 units,NO2,Q1 reference,0.42798817957587176,217632,998,TRUE,1000,330,0.12607456881531354
LI,Liver,no2,no2_10unit,NO2 per 10 units,NO2,Q1 reference,0.42798817957587176,217632,998,TRUE,1000,331,0.12715726839250618
LI,Liver,no2,no2_10unit,NO2 per 10 units,NO2,Q1 reference,0.42798817957587176,217632,998,TRUE,1000,334,0.1282412889713278
LI,Liver,no2,no2_10unit,NO2 per 10 units,NO2,Q1 reference,0.42798817957587176,217632,998,TRUE,1000,335,0.1293245908965296
LI,Liver,no2,no2_10unit,NO2 per 10 units,NO2,Q1 reference,0.42798817957587176,217632,998,TRUE,1000,345,0.1304089579966764
LI,Liver,no2,no2_10unit,NO2 per 10 units,NO2,Q1 reference,0.42798817957587176,217632,998,TRUE,1000,366,0.13149336159827862
LI,Liver,no2,no2_10unit,NO2 per 10 units,NO2,Q1 reference,0.42798817957587176,217632,998,TRUE,1000,368,0.1325786747636093
LI,Liver,no2,no2_10unit,NO2 per 10 units,NO2,Q1 reference,0.42798817957587176,217632,998,TRUE,1000,372,0.13366440753043762
LI,Liver,no2,no2_10unit,NO2 per 10 units,NO2,Q1 reference,0.42798817957587176,217632,998,TRUE,1000,373,0.1347500497184806
LI,Liver,no2,no2_10unit,NO2 per 10 units,NO2,Q1 reference,0.42798817957587176,217632,998,TRUE,1000,377,0.13583605187427317
LI,Liver,no2,no2_10unit,NO2 per 10 units,NO2,Q1 reference,0.42798817957587176,217632,998,TRUE,1000,381,0.13692151044467615
LI,Liver,no2,no2_10unit,NO2 per 10 units,NO2,Q1 reference,0.42798817957587176,217632,998,TRUE,1000,390,0.1380068881919111
LI,Liver,no2,no2_10unit,NO2 per 10 units,NO2,Q1 reference,0.42798817957587176,217632,998,TRUE,1000,394,0.13909238133312885
LI,Liver,no2,no2_10unit,NO2 per 10 units,NO2,Q1 reference,0.42798817957587176,217632,998,TRUE,1000,407,0.140177421688489
LI,Liver,no2,no2_10unit,NO2 per 10 units,NO2,Q1 reference,0.42798817957587176,217632,998,TRUE,1000,414,0.14126372693450817
LI,Liver,no2,no2_10unit,NO2 per 10 units,NO2,Q1 reference,0.42798817957587176,217632,998,TRUE,1000,429,0.14235182448283934
LI,Liver,no2,no2_10unit,NO2 per 10 units,NO2,Q1 reference,0.42798817957587176,217632,998,TRUE,1000,439,0.1434472850734122
LI,Liver,no2,no2_10unit,NO2 per 10 units,NO2,Q1 reference,0.42798817957587176,217632,998,TRUE,1000,444,0.14454256395478826
LI,Liver,no2,no2_10unit,NO2 per 10 units,NO2,Q1 reference,0.42798817957587176,217632,998,TRUE,1000,455,0.14673465731255642
LI,Liver,no2,no2_10unit,NO2 per 10 units,NO2,Q1 reference,0.42798817957587176,217632,998,TRUE,1000,519,0.14784534934461724
LI,Liver,no2,no2_10unit,NO2 per 10 units,NO2,Q1 reference,0.42798817957587176,217632,998,TRUE,1000,526,0.14895670409797213
LI,Liver,no2,no2_10unit,NO2 per 10 units,NO2,Q1 reference,0.42798817957587176,217632,998,TRUE,1000,529,0.15006975168305836
LI,Liver,no2,no2_10unit,NO2 per 10 units,NO2,Q1 reference,0.42798817957587176,217632,998,TRUE,1000,532,0.15118629541104922
LI,Liver,no2,no2_10unit,NO2 per 10 units,NO2,Q1 reference,0.42798817957587176,217632,998,TRUE,1000,553,0.15230354042624739
LI,Liver,no2,no2_10unit,NO2 per 10 units,NO2,Q1 reference,0.42798817957587176,217632,998,TRUE,1000,557,0.15342254775489572
LI,Liver,no2,no2_10unit,NO2 per 10 units,NO2,Q1 reference,0.42798817957587176,217632,998,TRUE,1000,568,0.1545410665854231
LI,Liver,no2,no2_10unit,NO2 per 10 units,NO2,Q1 reference,0.42798817957587176,217632,998,TRUE,1000,575,0.1556607987191062
LI,Liver,no2,no2_10unit,NO2 per 10 units,NO2,Q1 reference,0.42798817957587176,217632,998,TRUE,1000,587,0.15678217246490367
LI,Liver,no2,no2_10unit,NO2 per 10 units,NO2,Q1 reference,0.42798817957587176,217632,998,TRUE,1000,602,0.1579040456176951
LI,Liver,no2,no2_10unit,NO2 per 10 units,NO2,Q1 reference,0.42798817957587176,217632,998,TRUE,1000,603,0.1590258278638106
LI,Liver,no2,no2_10unit,NO2 per 10 units,NO2,Q1 reference,0.42798817957587176,217632,998,TRUE,1000,619,0.16016098748552876
LI,Liver,no2,no2_10unit,NO2 per 10 units,NO2,Q1 reference,0.42798817957587176,217632,998,TRUE,1000,621,0.16129701248783546
LI,Liver,no2,no2_10unit,NO2 per 10 units,NO2,Q1 reference,0.42798817957587176,217632,998,TRUE,1000,629,0.16356654758072797
LI,Liver,no2,no2_10unit,NO2 per 10 units,NO2,Q1 reference,0.42798817957587176,217632,998,TRUE,1000,634,0.1647030374749746
LI,Liver,no2,no2_10unit,NO2 per 10 units,NO2,Q1 reference,0.42798817957587176,217632,998,TRUE,1000,651,0.1658407610635959
LI,Liver,no2,no2_10unit,NO2 per 10 units,NO2,Q1 reference,0.42798817957587176,217632,998,TRUE,1000,667,0.16697794125223586
LI,Liver,no2,no2_10unit,NO2 per 10 units,NO2,Q1 reference,0.42798817957587176,217632,998,TRUE,1000,687,0.16811700205093516
LI,Liver,no2,no2_10unit,NO2 per 10 units,NO2,Q1 reference,0.42798817957587176,217632,998,TRUE,1000,690,0.16925785773619006
LI,Liver,no2,no2_10unit,NO2 per 10 units,NO2,Q1 reference,0.42798817957587176,217632,998,TRUE,1000,712,0.170405713761404
LI,Liver,no2,no2_10unit,NO2 per 10 units,NO2,Q1 reference,0.42798817957587176,217632,998,TRUE,1000,726,0.1715535326904093
LI,Liver,no2,no2_10unit,NO2 per 10 units,NO2,Q1 reference,0.42798817957587176,217632,998,TRUE,1000,743,0.17270033262592455
LI,Liver,no2,no2_10unit,NO2 per 10 units,NO2,Q1 reference,0.42798817957587176,217632,998,TRUE,1000,808,0.17385706878513707
LI,Liver,no2,no2_10unit,NO2 per 10 units,NO2,Q1 reference,0.42798817957587176,217632,998,TRUE,1000,811,0.17501273863449884
LI,Liver,no2,no2_10unit,NO2 per 10 units,NO2,Q1 reference,0.42798817957587176,217632,998,TRUE,1000,816,0.17616867485515997
LI,Liver,no2,no2_10unit,NO2 per 10 units,NO2,Q1 reference,0.42798817957587176,217632,998,TRUE,1000,817,0.17732543082388397
LI,Liver,no2,no2_10unit,NO2 per 10 units,NO2,Q1 reference,0.42798817957587176,217632,998,TRUE,1000,850,0.17848303961398382
LI,Liver,no2,no2_10unit,NO2 per 10 units,NO2,Q1 reference,0.42798817957587176,217632,998,TRUE,1000,891,0.17964087487407876
LI,Liver,no2,no2_10unit,NO2 per 10 units,NO2,Q1 reference,0.42798817957587176,217632,998,TRUE,1000,921,0.1808007921499849
LI,Liver,no2,no2_10unit,NO2 per 10 units,NO2,Q1 reference,0.42798817957587176,217632,998,TRUE,1000,944,0.18196034565394037
LI,Liver,no2,no2_10unit,NO2 per 10 units,NO2,Q1 reference,0.42798817957587176,217632,998,TRUE,1000,980,0.18311984905184642
LI,Liver,no2,no2_10unit,NO2 per 10 units,NO2,Q1 reference,0.42798817957587176,217632,998,TRUE,1000,1015,0.18429118909569753
LI,Liver,no2,no2_10unit,NO2 per 10 units,NO2,Q1 reference,0.42798817957587176,217632,998,TRUE,1000,1185,0.18547642524517483
LI,Liver,no2,no2_10unit,NO2 per 10 units,NO2,Q1 reference,0.42798817957587176,217632,998,TRUE,1000,1186,0.18666152594828156
LI,Liver,no2,no2_10unit,NO2 per 10 units,NO2,Q1 reference,0.42798817957587176,217632,998,TRUE,1000,1219,0.18784589079078662
LI,Liver,no2,no2_10unit,NO2 per 10 units,NO2,Q1 reference,0.42798817957587176,217632,998,TRUE,1000,1255,0.18904476596967112
LI,Liver,no2,no2_10unit,NO2 per 10 units,NO2,Q1 reference,0.42798817957587176,217632,998,TRUE,1000,1296,0.19024362345086243
LI,Liver,no2,no2_10unit,NO2 per 10 units,NO2,Q1 reference,0.42798817957587176,217632,998,TRUE,1000,1390,0.19146634742619262
LI,Liver,no2,no2_10unit,NO2 per 10 units,NO2,Q1 reference,0.42798817957587176,217632,998,TRUE,1000,1498,0.19271154124848722
LI,Liver,no2,no2_10unit,NO2 per 10 units,NO2,Q1 reference,0.42798817957587176,217632,998,TRUE,1000,1550,0.1939817242042573
LI,Liver,no2,no2_10unit,NO2 per 10 units,NO2,Q1 reference,0.42798817957587176,217632,998,TRUE,1000,1596,0.19525108562208104
LI,Liver,no2,no2_10unit,NO2 per 10 units,NO2,Q1 reference,0.42798817957587176,217632,998,TRUE,1000,1867,0.19655200306717102
LI,Liver,no2,no2_10unit,NO2 per 10 units,NO2,Q1 reference,0.42798817957587176,217632,998,TRUE,1000,2754,0.19800948891417203
LI,Liver,no2,no2_10unit,NO2 per 10 units,NO2,Q1 reference,0.42798817957587176,217632,998,TRUE,1000,2786,0.19946532636615755
LI,Liver,no2,no2_10unit,NO2 per 10 units,NO2,Q1 reference,0.42798817957587176,217632,998,TRUE,1000,3002,0.20092183546017794
LI,Liver,no2,no2_10unit,NO2 per 10 units,NO2,Q1 reference,0.42798817957587176,217632,998,TRUE,1000,3069,0.2023801763264641
LI,Liver,no2,no2_10unit,NO2 per 10 units,NO2,Q1 reference,0.42798817957587176,217632,998,TRUE,1000,3990,0.20482060471885022
LI,Liver,no2,no2_10unit,NO2 per 10 units,NO2,Q2 reference,0.7079597905166068,217632,998,TRUE,1000,1,0.005382448202115975
LI,Liver,no2,no2_10unit,NO2 per 10 units,NO2,Q2 reference,0.7079597905166068,217632,998,TRUE,1000,2,0.0071886497080478895
LI,Liver,no2,no2_10unit,NO2 per 10 units,NO2,Q2 reference,0.7079597905166068,217632,998,TRUE,1000,3,0.008095511465256666
LI,Liver,no2,no2_10unit,NO2 per 10 units,NO2,Q2 reference,0.7079597905166068,217632,998,TRUE,1000,4,0.01081407827817471
LI,Liver,no2,no2_10unit,NO2 per 10 units,NO2,Q2 reference,0.7079597905166068,217632,998,TRUE,1000,6,0.012632221463578563
LI,Liver,no2,no2_10unit,NO2 per 10 units,NO2,Q2 reference,0.7079597905166068,217632,998,TRUE,1000,8,0.014591388545146078
LI,Liver,no2,no2_10unit,NO2 per 10 units,NO2,Q2 reference,0.7079597905166068,217632,998,TRUE,1000,9,0.01752601224606476
LI,Liver,no2,no2_10unit,NO2 per 10 units,NO2,Q2 reference,0.7079597905166068,217632,998,TRUE,1000,10,0.019490646758404284
LI,Liver,no2,no2_10unit,NO2 per 10 units,NO2,Q2 reference,0.7079597905166068,217632,998,TRUE,1000,11,0.020473317086557308
LI,Liver,no2,no2_10unit,NO2 per 10 units,NO2,Q2 reference,0.7079597905166068,217632,998,TRUE,1000,12,0.022437814160379377
LI,Liver,no2,no2_10unit,NO2 per 10 units,NO2,Q2 reference,0.7079597905166068,217632,998,TRUE,1000,13,0.02342173775220302
LI,Liver,no2,no2_10unit,NO2 per 10 units,NO2,Q2 reference,0.7079597905166068,217632,998,TRUE,1000,14,0.026373454904318416
LI,Liver,no2,no2_10unit,NO2 per 10 units,NO2,Q2 reference,0.7079597905166068,217632,998,TRUE,1000,19,0.02735729186729441
LI,Liver,no2,no2_10unit,NO2 per 10 units,NO2,Q2 reference,0.7079597905166068,217632,998,TRUE,1000,21,0.029323780798519716
LI,Liver,no2,no2_10unit,NO2 per 10 units,NO2,Q2 reference,0.7079597905166068,217632,998,TRUE,1000,24,0.030306625628016226
LI,Liver,no2,no2_10unit,NO2 per 10 units,NO2,Q2 reference,0.7079597905166068,217632,998,TRUE,1000,25,0.03227085637392768
LI,Liver,no2,no2_10unit,NO2 per 10 units,NO2,Q2 reference,0.7079597905166068,217632,998,TRUE,1000,30,0.03423800458259063
LI,Liver,no2,no2_10unit,NO2 per 10 units,NO2,Q2 reference,0.7079597905166068,217632,998,TRUE,1000,32,0.03620601029789039
LI,Liver,no2,no2_10unit,NO2 per 10 units,NO2,Q2 reference,0.7079597905166068,217632,998,TRUE,1000,35,0.03817563569792359
LI,Liver,no2,no2_10unit,NO2 per 10 units,NO2,Q2 reference,0.7079597905166068,217632,998,TRUE,1000,36,0.04014366208098619
LI,Liver,no2,no2_10unit,NO2 per 10 units,NO2,Q2 reference,0.7079597905166068,217632,998,TRUE,1000,37,0.041127866769166355
LI,Liver,no2,no2_10unit,NO2 per 10 units,NO2,Q2 reference,0.7079597905166068,217632,998,TRUE,1000,38,0.042113754501770906
LI,Liver,no2,no2_10unit,NO2 per 10 units,NO2,Q2 reference,0.7079597905166068,217632,998,TRUE,1000,42,0.04408789878656594
LI,Liver,no2,no2_10unit,NO2 per 10 units,NO2,Q2 reference,0.7079597905166068,217632,998,TRUE,1000,43,0.04507649638701927
LI,Liver,no2,no2_10unit,NO2 per 10 units,NO2,Q2 reference,0.7079597905166068,217632,998,TRUE,1000,44,0.046065739613958656
LI,Liver,no2,no2_10unit,NO2 per 10 units,NO2,Q2 reference,0.7079597905166068,217632,998,TRUE,1000,46,0.04804335881766064
LI,Liver,no2,no2_10unit,NO2 per 10 units,NO2,Q2 reference,0.7079597905166068,217632,998,TRUE,1000,48,0.05002067344539962
LI,Liver,no2,no2_10unit,NO2 per 10 units,NO2,Q2 reference,0.7079597905166068,217632,998,TRUE,1000,49,0.05200001426906087
LI,Liver,no2,no2_10unit,NO2 per 10 units,NO2,Q2 reference,0.7079597905166068,217632,998,TRUE,1000,53,0.052992994237392566
LI,Liver,no2,no2_10unit,NO2 per 10 units,NO2,Q2 reference,0.7079597905166068,217632,998,TRUE,1000,55,0.05398683608983745
LI,Liver,no2,no2_10unit,NO2 per 10 units,NO2,Q2 reference,0.7079597905166068,217632,998,TRUE,1000,56,0.054980180765809794
LI,Liver,no2,no2_10unit,NO2 per 10 units,NO2,Q2 reference,0.7079597905166068,217632,998,TRUE,1000,63,0.055974098613230217
LI,Liver,no2,no2_10unit,NO2 per 10 units,NO2,Q2 reference,0.7079597905166068,217632,998,TRUE,1000,65,0.0569682093995173
LI,Liver,no2,no2_10unit,NO2 per 10 units,NO2,Q2 reference,0.7079597905166068,217632,998,TRUE,1000,68,0.057962207146208033
LI,Liver,no2,no2_10unit,NO2 per 10 units,NO2,Q2 reference,0.7079597905166068,217632,998,TRUE,1000,72,0.05895600376303012
LI,Liver,no2,no2_10unit,NO2 per 10 units,NO2,Q2 reference,0.7079597905166068,217632,998,TRUE,1000,75,0.059950996467801776
LI,Liver,no2,no2_10unit,NO2 per 10 units,NO2,Q2 reference,0.7079597905166068,217632,998,TRUE,1000,76,0.060946072933690365
LI,Liver,no2,no2_10unit,NO2 per 10 units,NO2,Q2 reference,0.7079597905166068,217632,998,TRUE,1000,77,0.06194210107765352
LI,Liver,no2,no2_10unit,NO2 per 10 units,NO2,Q2 reference,0.7079597905166068,217632,998,TRUE,1000,83,0.0629380296272194
LI,Liver,no2,no2_10unit,NO2 per 10 units,NO2,Q2 reference,0.7079597905166068,217632,998,TRUE,1000,88,0.06393367226864533
LI,Liver,no2,no2_10unit,NO2 per 10 units,NO2,Q2 reference,0.7079597905166068,217632,998,TRUE,1000,98,0.06493592695653405
LI,Liver,no2,no2_10unit,NO2 per 10 units,NO2,Q2 reference,0.7079597905166068,217632,998,TRUE,1000,100,0.06593856493880879
LI,Liver,no2,no2_10unit,NO2 per 10 units,NO2,Q2 reference,0.7079597905166068,217632,998,TRUE,1000,105,0.0669435528837441
LI,Liver,no2,no2_10unit,NO2 per 10 units,NO2,Q2 reference,0.7079597905166068,217632,998,TRUE,1000,106,0.06794924525401114
LI,Liver,no2,no2_10unit,NO2 per 10 units,NO2,Q2 reference,0.7079597905166068,217632,998,TRUE,1000,108,0.06895492921132884
LI,Liver,no2,no2_10unit,NO2 per 10 units,NO2,Q2 reference,0.7079597905166068,217632,998,TRUE,1000,109,0.07096590226691613
LI,Liver,no2,no2_10unit,NO2 per 10 units,NO2,Q2 reference,0.7079597905166068,217632,998,TRUE,1000,112,0.07197333165875053
LI,Liver,no2,no2_10unit,NO2 per 10 units,NO2,Q2 reference,0.7079597905166068,217632,998,TRUE,1000,117,0.07298067615086001
LI,Liver,no2,no2_10unit,NO2 per 10 units,NO2,Q2 reference,0.7079597905166068,217632,998,TRUE,1000,121,0.0739899263243381
LI,Liver,no2,no2_10unit,NO2 per 10 units,NO2,Q2 reference,0.7079597905166068,217632,998,TRUE,1000,122,0.07601202226699133
LI,Liver,no2,no2_10unit,NO2 per 10 units,NO2,Q2 reference,0.7079597905166068,217632,998,TRUE,1000,123,0.07702438648324006
LI,Liver,no2,no2_10unit,NO2 per 10 units,NO2,Q2 reference,0.7079597905166068,217632,998,TRUE,1000,124,0.07803652964856367
LI,Liver,no2,no2_10unit,NO2 per 10 units,NO2,Q2 reference,0.7079597905166068,217632,998,TRUE,1000,127,0.07904881989623125
LI,Liver,no2,no2_10unit,NO2 per 10 units,NO2,Q2 reference,0.7079597905166068,217632,998,TRUE,1000,133,0.08006173240257997
LI,Liver,no2,no2_10unit,NO2 per 10 units,NO2,Q2 reference,0.7079597905166068,217632,998,TRUE,1000,138,0.08107737064057441
LI,Liver,no2,no2_10unit,NO2 per 10 units,NO2,Q2 reference,0.7079597905166068,217632,998,TRUE,1000,141,0.08311271474645299
LI,Liver,no2,no2_10unit,NO2 per 10 units,NO2,Q2 reference,0.7079597905166068,217632,998,TRUE,1000,142,0.08413051376295366
LI,Liver,no2,no2_10unit,NO2 per 10 units,NO2,Q2 reference,0.7079597905166068,217632,998,TRUE,1000,144,0.08514780274659839
LI,Liver,no2,no2_10unit,NO2 per 10 units,NO2,Q2 reference,0.7079597905166068,217632,998,TRUE,1000,158,0.08616626358446955
LI,Liver,no2,no2_10unit,NO2 per 10 units,NO2,Q2 reference,0.7079597905166068,217632,998,TRUE,1000,161,0.08820345832662202
LI,Liver,no2,no2_10unit,NO2 per 10 units,NO2,Q2 reference,0.7079597905166068,217632,998,TRUE,1000,164,0.08922376079988203
LI,Liver,no2,no2_10unit,NO2 per 10 units,NO2,Q2 reference,0.7079597905166068,217632,998,TRUE,1000,168,0.09024533028002824
LI,Liver,no2,no2_10unit,NO2 per 10 units,NO2,Q2 reference,0.7079597905166068,217632,998,TRUE,1000,175,0.09126702374747131
LI,Liver,no2,no2_10unit,NO2 per 10 units,NO2,Q2 reference,0.7079597905166068,217632,998,TRUE,1000,179,0.0922913924115043
LI,Liver,no2,no2_10unit,NO2 per 10 units,NO2,Q2 reference,0.7079597905166068,217632,998,TRUE,1000,182,0.09331549213176316
LI,Liver,no2,no2_10unit,NO2 per 10 units,NO2,Q2 reference,0.7079597905166068,217632,998,TRUE,1000,189,0.09433861028558688
LI,Liver,no2,no2_10unit,NO2 per 10 units,NO2,Q2 reference,0.7079597905166068,217632,998,TRUE,1000,193,0.09536142492737221
LI,Liver,no2,no2_10unit,NO2 per 10 units,NO2,Q2 reference,0.7079597905166068,217632,998,TRUE,1000,196,0.09740904800638939
LI,Liver,no2,no2_10unit,NO2 per 10 units,NO2,Q2 reference,0.7079597905166068,217632,998,TRUE,1000,198,0.09843430810480525
LI,Liver,no2,no2_10unit,NO2 per 10 units,NO2,Q2 reference,0.7079597905166068,217632,998,TRUE,1000,201,0.09945928516574587
LI,Liver,no2,no2_10unit,NO2 per 10 units,NO2,Q2 reference,0.7079597905166068,217632,998,TRUE,1000,206,0.10048529277103069
LI,Liver,no2,no2_10unit,NO2 per 10 units,NO2,Q2 reference,0.7079597905166068,217632,998,TRUE,1000,218,0.10151240337800604
LI,Liver,no2,no2_10unit,NO2 per 10 units,NO2,Q2 reference,0.7079597905166068,217632,998,TRUE,1000,223,0.10254182276303314
LI,Liver,no2,no2_10unit,NO2 per 10 units,NO2,Q2 reference,0.7079597905166068,217632,998,TRUE,1000,225,0.10357769342242007
LI,Liver,no2,no2_10unit,NO2 per 10 units,NO2,Q2 reference,0.7079597905166068,217632,998,TRUE,1000,226,0.10461353317611055
LI,Liver,no2,no2_10unit,NO2 per 10 units,NO2,Q2 reference,0.7079597905166068,217632,998,TRUE,1000,229,0.10565168551485637
LI,Liver,no2,no2_10unit,NO2 per 10 units,NO2,Q2 reference,0.7079597905166068,217632,998,TRUE,1000,230,0.10668973634818846
LI,Liver,no2,no2_10unit,NO2 per 10 units,NO2,Q2 reference,0.7079597905166068,217632,998,TRUE,1000,232,0.10772897855747865
LI,Liver,no2,no2_10unit,NO2 per 10 units,NO2,Q2 reference,0.7079597905166068,217632,998,TRUE,1000,251,0.10877220506681595
LI,Liver,no2,no2_10unit,NO2 per 10 units,NO2,Q2 reference,0.7079597905166068,217632,998,TRUE,1000,252,0.10981648548531053
LI,Liver,no2,no2_10unit,NO2 per 10 units,NO2,Q2 reference,0.7079597905166068,217632,998,TRUE,1000,272,0.1108615249167566
LI,Liver,no2,no2_10unit,NO2 per 10 units,NO2,Q2 reference,0.7079597905166068,217632,998,TRUE,1000,274,0.11190709473789207
LI,Liver,no2,no2_10unit,NO2 per 10 units,NO2,Q2 reference,0.7079597905166068,217632,998,TRUE,1000,278,0.11295288809723802
LI,Liver,no2,no2_10unit,NO2 per 10 units,NO2,Q2 reference,0.7079597905166068,217632,998,TRUE,1000,279,0.11400193065331998
LI,Liver,no2,no2_10unit,NO2 per 10 units,NO2,Q2 reference,0.7079597905166068,217632,998,TRUE,1000,283,0.11505194015377229
LI,Liver,no2,no2_10unit,NO2 per 10 units,NO2,Q2 reference,0.7079597905166068,217632,998,TRUE,1000,284,0.11610232145015675
LI,Liver,no2,no2_10unit,NO2 per 10 units,NO2,Q2 reference,0.7079597905166068,217632,998,TRUE,1000,290,0.11715219683059208
LI,Liver,no2,no2_10unit,NO2 per 10 units,NO2,Q2 reference,0.7079597905166068,217632,998,TRUE,1000,295,0.11925321589403348
LI,Liver,no2,no2_10unit,NO2 per 10 units,NO2,Q2 reference,0.7079597905166068,217632,998,TRUE,1000,298,0.12030605038013553
LI,Liver,no2,no2_10unit,NO2 per 10 units,NO2,Q2 reference,0.7079597905166068,217632,998,TRUE,1000,302,0.1213626192173044
LI,Liver,no2,no2_10unit,NO2 per 10 units,NO2,Q2 reference,0.7079597905166068,217632,998,TRUE,1000,322,0.12242224504054544
LI,Liver,no2,no2_10unit,NO2 per 10 units,NO2,Q2 reference,0.7079597905166068,217632,998,TRUE,1000,330,0.12348494115428921
LI,Liver,no2,no2_10unit,NO2 per 10 units,NO2,Q2 reference,0.7079597905166068,217632,998,TRUE,1000,331,0.12454702096692272
LI,Liver,no2,no2_10unit,NO2 per 10 units,NO2,Q2 reference,0.7079597905166068,217632,998,TRUE,1000,334,0.12561042560234337
LI,Liver,no2,no2_10unit,NO2 per 10 units,NO2,Q2 reference,0.7079597905166068,217632,998,TRUE,1000,335,0.12667315425648462
LI,Liver,no2,no2_10unit,NO2 per 10 units,NO2,Q2 reference,0.7079597905166068,217632,998,TRUE,1000,345,0.1277369569316188
LI,Liver,no2,no2_10unit,NO2 per 10 units,NO2,Q2 reference,0.7079597905166068,217632,998,TRUE,1000,366,0.12880082454386022
LI,Liver,no2,no2_10unit,NO2 per 10 units,NO2,Q2 reference,0.7079597905166068,217632,998,TRUE,1000,368,0.12986561369714167
LI,Liver,no2,no2_10unit,NO2 per 10 units,NO2,Q2 reference,0.7079597905166068,217632,998,TRUE,1000,372,0.1309308437857839
LI,Liver,no2,no2_10unit,NO2 per 10 units,NO2,Q2 reference,0.7079597905166068,217632,998,TRUE,1000,373,0.13199601431439667
LI,Liver,no2,no2_10unit,NO2 per 10 units,NO2,Q2 reference,0.7079597905166068,217632,998,TRUE,1000,377,0.1330615673821951
LI,Liver,no2,no2_10unit,NO2 per 10 units,NO2,Q2 reference,0.7079597905166068,217632,998,TRUE,1000,381,0.13412661647989765
LI,Liver,no2,no2_10unit,NO2 per 10 units,NO2,Q2 reference,0.7079597905166068,217632,998,TRUE,1000,390,0.1351916156809856
LI,Liver,no2,no2_10unit,NO2 per 10 units,NO2,Q2 reference,0.7079597905166068,217632,998,TRUE,1000,394,0.1362567575577811
LI,Liver,no2,no2_10unit,NO2 per 10 units,NO2,Q2 reference,0.7079597905166068,217632,998,TRUE,1000,407,0.13732148460709914
LI,Liver,no2,no2_10unit,NO2 per 10 units,NO2,Q2 reference,0.7079597905166068,217632,998,TRUE,1000,414,0.13838748241959364
LI,Liver,no2,no2_10unit,NO2 per 10 units,NO2,Q2 reference,0.7079597905166068,217632,998,TRUE,1000,429,0.13945526871064062
LI,Liver,no2,no2_10unit,NO2 per 10 units,NO2,Q2 reference,0.7079597905166068,217632,998,TRUE,1000,439,0.1405303106470357
LI,Liver,no2,no2_10unit,NO2 per 10 units,NO2,Q2 reference,0.7079597905166068,217632,998,TRUE,1000,444,0.141605204441555
LI,Liver,no2,no2_10unit,NO2 per 10 units,NO2,Q2 reference,0.7079597905166068,217632,998,TRUE,1000,455,0.14375658984319684
LI,Liver,no2,no2_10unit,NO2 per 10 units,NO2,Q2 reference,0.7079597905166068,217632,998,TRUE,1000,519,0.14484670223007345
LI,Liver,no2,no2_10unit,NO2 per 10 units,NO2,Q2 reference,0.7079597905166068,217632,998,TRUE,1000,526,0.14593749628373365
LI,Liver,no2,no2_10unit,NO2 per 10 units,NO2,Q2 reference,0.7079597905166068,217632,998,TRUE,1000,529,0.1470299831981069
LI,Liver,no2,no2_10unit,NO2 per 10 units,NO2,Q2 reference,0.7079597905166068,217632,998,TRUE,1000,532,0.1481259332345657
LI,Liver,no2,no2_10unit,NO2 per 10 units,NO2,Q2 reference,0.7079597905166068,217632,998,TRUE,1000,553,0.14922260330673254
LI,Liver,no2,no2_10unit,NO2 per 10 units,NO2,Q2 reference,0.7079597905166068,217632,998,TRUE,1000,557,0.1503210350488844
LI,Liver,no2,no2_10unit,NO2 per 10 units,NO2,Q2 reference,0.7079597905166068,217632,998,TRUE,1000,568,0.15141901913319722
LI,Liver,no2,no2_10unit,NO2 per 10 units,NO2,Q2 reference,0.7079597905166068,217632,998,TRUE,1000,575,0.15251822619192368
LI,Liver,no2,no2_10unit,NO2 per 10 units,NO2,Q2 reference,0.7079597905166068,217632,998,TRUE,1000,587,0.15361907684865161
LI,Liver,no2,no2_10unit,NO2 per 10 units,NO2,Q2 reference,0.7079597905166068,217632,998,TRUE,1000,602,0.15472044993814504
LI,Liver,no2,no2_10unit,NO2 per 10 units,NO2,Q2 reference,0.7079597905166068,217632,998,TRUE,1000,603,0.15582176599493547
LI,Liver,no2,no2_10unit,NO2 per 10 units,NO2,Q2 reference,0.7079597905166068,217632,998,TRUE,1000,619,0.15693624820067154
LI,Liver,no2,no2_10unit,NO2 per 10 units,NO2,Q2 reference,0.7079597905166068,217632,998,TRUE,1000,621,0.15805161313651062
LI,Liver,no2,no2_10unit,NO2 per 10 units,NO2,Q2 reference,0.7079597905166068,217632,998,TRUE,1000,629,0.16027997320939102
LI,Liver,no2,no2_10unit,NO2 per 10 units,NO2,Q2 reference,0.7079597905166068,217632,998,TRUE,1000,634,0.16139589420820843
LI,Liver,no2,no2_10unit,NO2 per 10 units,NO2,Q2 reference,0.7079597905166068,217632,998,TRUE,1000,651,0.16251305996431042
LI,Liver,no2,no2_10unit,NO2 per 10 units,NO2,Q2 reference,0.7079597905166068,217632,998,TRUE,1000,667,0.1636297255710364
LI,Liver,no2,no2_10unit,NO2 per 10 units,NO2,Q2 reference,0.7079597905166068,217632,998,TRUE,1000,687,0.1647482714153783
LI,Liver,no2,no2_10unit,NO2 per 10 units,NO2,Q2 reference,0.7079597905166068,217632,998,TRUE,1000,690,0.16586861352738447
LI,Liver,no2,no2_10unit,NO2 per 10 units,NO2,Q2 reference,0.7079597905166068,217632,998,TRUE,1000,712,0.16699586420044876
LI,Liver,no2,no2_10unit,NO2 per 10 units,NO2,Q2 reference,0.7079597905166068,217632,998,TRUE,1000,726,0.16812311268737545
LI,Liver,no2,no2_10unit,NO2 per 10 units,NO2,Q2 reference,0.7079597905166068,217632,998,TRUE,1000,743,0.16924939468895073
LI,Liver,no2,no2_10unit,NO2 per 10 units,NO2,Q2 reference,0.7079597905166068,217632,998,TRUE,1000,808,0.17038546986726166
LI,Liver,no2,no2_10unit,NO2 per 10 units,NO2,Q2 reference,0.7079597905166068,217632,998,TRUE,1000,811,0.1715205326594823
LI,Liver,no2,no2_10unit,NO2 per 10 units,NO2,Q2 reference,0.7079597905166068,217632,998,TRUE,1000,816,0.17265589199710485
LI,Liver,no2,no2_10unit,NO2 per 10 units,NO2,Q2 reference,0.7079597905166068,217632,998,TRUE,1000,817,0.1737920915055846
LI,Liver,no2,no2_10unit,NO2 per 10 units,NO2,Q2 reference,0.7079597905166068,217632,998,TRUE,1000,850,0.1749291637968572
LI,Liver,no2,no2_10unit,NO2 per 10 units,NO2,Q2 reference,0.7079597905166068,217632,998,TRUE,1000,891,0.17606649373101202
LI,Liver,no2,no2_10unit,NO2 per 10 units,NO2,Q2 reference,0.7079597905166068,217632,998,TRUE,1000,921,0.1772059041482852
LI,Liver,no2,no2_10unit,NO2 per 10 units,NO2,Q2 reference,0.7079597905166068,217632,998,TRUE,1000,944,0.17834499263109815
LI,Liver,no2,no2_10unit,NO2 per 10 units,NO2,Q2 reference,0.7079597905166068,217632,998,TRUE,1000,980,0.17948406734177458
LI,Liver,no2,no2_10unit,NO2 per 10 units,NO2,Q2 reference,0.7079597905166068,217632,998,TRUE,1000,1015,0.18063480620056194
LI,Liver,no2,no2_10unit,NO2 per 10 units,NO2,Q2 reference,0.7079597905166068,217632,998,TRUE,1000,1185,0.181799233694668
LI,Liver,no2,no2_10unit,NO2 per 10 units,NO2,Q2 reference,0.7079597905166068,217632,998,TRUE,1000,1186,0.18296356531711233
LI,Liver,no2,no2_10unit,NO2 per 10 units,NO2,Q2 reference,0.7079597905166068,217632,998,TRUE,1000,1219,0.18412721119033315
LI,Liver,no2,no2_10unit,NO2 per 10 units,NO2,Q2 reference,0.7079597905166068,217632,998,TRUE,1000,1255,0.18530515150685412
LI,Liver,no2,no2_10unit,NO2 per 10 units,NO2,Q2 reference,0.7079597905166068,217632,998,TRUE,1000,1296,0.18648311266931783
LI,Liver,no2,no2_10unit,NO2 per 10 units,NO2,Q2 reference,0.7079597905166068,217632,998,TRUE,1000,1390,0.18768456377190557
LI,Liver,no2,no2_10unit,NO2 per 10 units,NO2,Q2 reference,0.7079597905166068,217632,998,TRUE,1000,1498,0.1889081347928342
LI,Liver,no2,no2_10unit,NO2 per 10 units,NO2,Q2 reference,0.7079597905166068,217632,998,TRUE,1000,1550,0.19015630370537417
LI,Liver,no2,no2_10unit,NO2 per 10 units,NO2,Q2 reference,0.7079597905166068,217632,998,TRUE,1000,1596,0.19140370846425359
LI,Liver,no2,no2_10unit,NO2 per 10 units,NO2,Q2 reference,0.7079597905166068,217632,998,TRUE,1000,1867,0.1926821682393941
LI,Liver,no2,no2_10unit,NO2 per 10 units,NO2,Q2 reference,0.7079597905166068,217632,998,TRUE,1000,2754,0.19411454757350866
LI,Liver,no2,no2_10unit,NO2 per 10 units,NO2,Q2 reference,0.7079597905166068,217632,998,TRUE,1000,2786,0.19554536396657873
LI,Liver,no2,no2_10unit,NO2 per 10 units,NO2,Q2 reference,0.7079597905166068,217632,998,TRUE,1000,3002,0.1969768976305415
LI,Liver,no2,no2_10unit,NO2 per 10 units,NO2,Q2 reference,0.7079597905166068,217632,998,TRUE,1000,3069,0.19841028905656888
LI,Liver,no2,no2_10unit,NO2 per 10 units,NO2,Q2 reference,0.7079597905166068,217632,998,TRUE,1000,3990,0.2008090951304068
LI,Liver,no2,no2_10unit,NO2 per 10 units,NO2,Q4 reference,1.1597701286215296,217632,998,TRUE,1000,1,0.0051935165344555445
LI,Liver,no2,no2_10unit,NO2 per 10 units,NO2,Q4 reference,1.1597701286215296,217632,998,TRUE,1000,2,0.00693653916724235
LI,Liver,no2,no2_10unit,NO2 per 10 units,NO2,Q4 reference,1.1597701286215296,217632,998,TRUE,1000,3,0.007811722002523558
LI,Liver,no2,no2_10unit,NO2 per 10 units,NO2,Q4 reference,1.1597701286215296,217632,998,TRUE,1000,4,0.010435491406817765
LI,Liver,no2,no2_10unit,NO2 per 10 units,NO2,Q4 reference,1.1597701286215296,217632,998,TRUE,1000,6,0.012190376856805019
LI,Liver,no2,no2_10unit,NO2 per 10 units,NO2,Q4 reference,1.1597701286215296,217632,998,TRUE,1000,8,0.014081506938531607
LI,Liver,no2,no2_10unit,NO2 per 10 units,NO2,Q4 reference,1.1597701286215296,217632,998,TRUE,1000,9,0.016914466097836534
LI,Liver,no2,no2_10unit,NO2 per 10 units,NO2,Q4 reference,1.1597701286215296,217632,998,TRUE,1000,10,0.01881120589929186
LI,Liver,no2,no2_10unit,NO2 per 10 units,NO2,Q4 reference,1.1597701286215296,217632,998,TRUE,1000,11,0.01975996683513981
LI,Liver,no2,no2_10unit,NO2 per 10 units,NO2,Q4 reference,1.1597701286215296,217632,998,TRUE,1000,12,0.02165677468953653
LI,Liver,no2,no2_10unit,NO2 per 10 units,NO2,Q4 reference,1.1597701286215296,217632,998,TRUE,1000,13,0.022606846360071486
LI,Liver,no2,no2_10unit,NO2 per 10 units,NO2,Q4 reference,1.1597701286215296,217632,998,TRUE,1000,14,0.025457211855260398
LI,Liver,no2,no2_10unit,NO2 per 10 units,NO2,Q4 reference,1.1597701286215296,217632,998,TRUE,1000,19,0.026407334825323203
LI,Liver,no2,no2_10unit,NO2 per 10 units,NO2,Q4 reference,1.1597701286215296,217632,998,TRUE,1000,21,0.028306537780846353
LI,Liver,no2,no2_10unit,NO2 per 10 units,NO2,Q4 reference,1.1597701286215296,217632,998,TRUE,1000,24,0.029255804031168564
LI,Liver,no2,no2_10unit,NO2 per 10 units,NO2,Q4 reference,1.1597701286215296,217632,998,TRUE,1000,25,0.03115302895551797
LI,Liver,no2,no2_10unit,NO2 per 10 units,NO2,Q4 reference,1.1597701286215296,217632,998,TRUE,1000,30,0.033053207649553995
LI,Liver,no2,no2_10unit,NO2 per 10 units,NO2,Q4 reference,1.1597701286215296,217632,998,TRUE,1000,32,0.0349543509640865
LI,Liver,no2,no2_10unit,NO2 per 10 units,NO2,Q4 reference,1.1597701286215296,217632,998,TRUE,1000,35,0.036857195728482894
LI,Liver,no2,no2_10unit,NO2 per 10 units,NO2,Q4 reference,1.1597701286215296,217632,998,TRUE,1000,36,0.03875863266367141
LI,Liver,no2,no2_10unit,NO2 per 10 units,NO2,Q4 reference,1.1597701286215296,217632,998,TRUE,1000,37,0.03970958759655441
LI,Liver,no2,no2_10unit,NO2 per 10 units,NO2,Q4 reference,1.1597701286215296,217632,998,TRUE,1000,38,0.040662203154865906
LI,Liver,no2,no2_10unit,NO2 per 10 units,NO2,Q4 reference,1.1597701286215296,217632,998,TRUE,1000,42,0.04256982690959643
LI,Liver,no2,no2_10unit,NO2 per 10 units,NO2,Q4 reference,1.1597701286215296,217632,998,TRUE,1000,43,0.04352516492646785
LI,Liver,no2,no2_10unit,NO2 per 10 units,NO2,Q4 reference,1.1597701286215296,217632,998,TRUE,1000,44,0.04448116169044425
LI,Liver,no2,no2_10unit,NO2 per 10 units,NO2,Q4 reference,1.1597701286215296,217632,998,TRUE,1000,46,0.04639242174673919
LI,Liver,no2,no2_10unit,NO2 per 10 units,NO2,Q4 reference,1.1597701286215296,217632,998,TRUE,1000,48,0.048303527153832904
LI,Liver,no2,no2_10unit,NO2 per 10 units,NO2,Q4 reference,1.1597701286215296,217632,998,TRUE,1000,49,0.050216731123192915
LI,Liver,no2,no2_10unit,NO2 per 10 units,NO2,Q4 reference,1.1597701286215296,217632,998,TRUE,1000,53,0.051176585016717735
LI,Liver,no2,no2_10unit,NO2 per 10 units,NO2,Q4 reference,1.1597701286215296,217632,998,TRUE,1000,55,0.052137307508473785
LI,Liver,no2,no2_10unit,NO2 per 10 units,NO2,Q4 reference,1.1597701286215296,217632,998,TRUE,1000,56,0.053097584886060756
LI,Liver,no2,no2_10unit,NO2 per 10 units,NO2,Q4 reference,1.1597701286215296,217632,998,TRUE,1000,63,0.05405845190948588
LI,Liver,no2,no2_10unit,NO2 per 10 units,NO2,Q4 reference,1.1597701286215296,217632,998,TRUE,1000,65,0.055019541069954214
LI,Liver,no2,no2_10unit,NO2 per 10 units,NO2,Q4 reference,1.1597701286215296,217632,998,TRUE,1000,68,0.055980556595917164
LI,Liver,no2,no2_10unit,NO2 per 10 units,NO2,Q4 reference,1.1597701286215296,217632,998,TRUE,1000,72,0.05694141334208547
LI,Liver,no2,no2_10unit,NO2 per 10 units,NO2,Q4 reference,1.1597701286215296,217632,998,TRUE,1000,75,0.057903462307499654
LI,Liver,no2,no2_10unit,NO2 per 10 units,NO2,Q4 reference,1.1597701286215296,217632,998,TRUE,1000,76,0.058865628102202416
LI,Liver,no2,no2_10unit,NO2 per 10 units,NO2,Q4 reference,1.1597701286215296,217632,998,TRUE,1000,77,0.05982875003343946
LI,Liver,no2,no2_10unit,NO2 per 10 units,NO2,Q4 reference,1.1597701286215296,217632,998,TRUE,1000,83,0.06079181164569636
LI,Liver,no2,no2_10unit,NO2 per 10 units,NO2,Q4 reference,1.1597701286215296,217632,998,TRUE,1000,88,0.061754632792505926
LI,Liver,no2,no2_10unit,NO2 per 10 units,NO2,Q4 reference,1.1597701286215296,217632,998,TRUE,1000,98,0.06272388442051258
LI,Liver,no2,no2_10unit,NO2 per 10 units,NO2,Q4 reference,1.1597701286215296,217632,998,TRUE,1000,100,0.06369354330510679
LI,Liver,no2,no2_10unit,NO2 per 10 units,NO2,Q4 reference,1.1597701286215296,217632,998,TRUE,1000,105,0.06466551161681489
LI,Liver,no2,no2_10unit,NO2 per 10 units,NO2,Q4 reference,1.1597701286215296,217632,998,TRUE,1000,106,0.06563819809241778
LI,Liver,no2,no2_10unit,NO2 per 10 units,NO2,Q4 reference,1.1597701286215296,217632,998,TRUE,1000,108,0.06661091336782388
LI,Liver,no2,no2_10unit,NO2 per 10 units,NO2,Q4 reference,1.1597701286215296,217632,998,TRUE,1000,109,0.06855607294245136
LI,Liver,no2,no2_10unit,NO2 per 10 units,NO2,Q4 reference,1.1597701286215296,217632,998,TRUE,1000,112,0.06953058770099374
LI,Liver,no2,no2_10unit,NO2 per 10 units,NO2,Q4 reference,1.1597701286215296,217632,998,TRUE,1000,117,0.07050505756014369
LI,Liver,no2,no2_10unit,NO2 per 10 units,NO2,Q4 reference,1.1597701286215296,217632,998,TRUE,1000,121,0.07148140828150262
LI,Liver,no2,no2_10unit,NO2 per 10 units,NO2,Q4 reference,1.1597701286215296,217632,998,TRUE,1000,122,0.0734377008377971
LI,Liver,no2,no2_10unit,NO2 per 10 units,NO2,Q4 reference,1.1597701286215296,217632,998,TRUE,1000,123,0.07441717710744467
LI,Liver,no2,no2_10unit,NO2 per 10 units,NO2,Q4 reference,1.1597701286215296,217632,998,TRUE,1000,124,0.0753964773047634
LI,Liver,no2,no2_10unit,NO2 per 10 units,NO2,Q4 reference,1.1597701286215296,217632,998,TRUE,1000,127,0.07637595765631167
LI,Liver,no2,no2_10unit,NO2 per 10 units,NO2,Q4 reference,1.1597701286215296,217632,998,TRUE,1000,133,0.07735607802349043
LI,Liver,no2,no2_10unit,NO2 per 10 units,NO2,Q4 reference,1.1597701286215296,217632,998,TRUE,1000,138,0.07833887401286954
LI,Liver,no2,no2_10unit,NO2 per 10 units,NO2,Q4 reference,1.1597701286215296,217632,998,TRUE,1000,141,0.08030851720126364
LI,Liver,no2,no2_10unit,NO2 per 10 units,NO2,Q4 reference,1.1597701286215296,217632,998,TRUE,1000,142,0.08129351935321893
LI,Liver,no2,no2_10unit,NO2 per 10 units,NO2,Q4 reference,1.1597701286215296,217632,998,TRUE,1000,144,0.08227806640221769
LI,Liver,no2,no2_10unit,NO2 per 10 units,NO2,Q4 reference,1.1597701286215296,217632,998,TRUE,1000,158,0.08326378618497787
LI,Liver,no2,no2_10unit,NO2 per 10 units,NO2,Q4 reference,1.1597701286215296,217632,998,TRUE,1000,161,0.08523560609802538
LI,Liver,no2,no2_10unit,NO2 per 10 units,NO2,Q4 reference,1.1597701286215296,217632,998,TRUE,1000,164,0.08622322469058719
LI,Liver,no2,no2_10unit,NO2 per 10 units,NO2,Q4 reference,1.1597701286215296,217632,998,TRUE,1000,168,0.08721210871370988
LI,Liver,no2,no2_10unit,NO2 per 10 units,NO2,Q4 reference,1.1597701286215296,217632,998,TRUE,1000,175,0.08820115184416077
LI,Liver,no2,no2_10unit,NO2 per 10 units,NO2,Q4 reference,1.1597701286215296,217632,998,TRUE,1000,179,0.08919282396853001
LI,Liver,no2,no2_10unit,NO2 per 10 units,NO2,Q4 reference,1.1597701286215296,217632,998,TRUE,1000,182,0.09018427510403504
LI,Liver,no2,no2_10unit,NO2 per 10 units,NO2,Q4 reference,1.1597701286215296,217632,998,TRUE,1000,189,0.0911748153204901
LI,Liver,no2,no2_10unit,NO2 per 10 units,NO2,Q4 reference,1.1597701286215296,217632,998,TRUE,1000,193,0.0921651010536747
LI,Liver,no2,no2_10unit,NO2 per 10 units,NO2,Q4 reference,1.1597701286215296,217632,998,TRUE,1000,196,0.09414772135848459
LI,Liver,no2,no2_10unit,NO2 per 10 units,NO2,Q4 reference,1.1597701286215296,217632,998,TRUE,1000,198,0.09514049353470666
LI,Liver,no2,no2_10unit,NO2 per 10 units,NO2,Q4 reference,1.1597701286215296,217632,998,TRUE,1000,201,0.09613303135872953
LI,Liver,no2,no2_10unit,NO2 per 10 units,NO2,Q4 reference,1.1597701286215296,217632,998,TRUE,1000,206,0.09712660692949804
LI,Liver,no2,no2_10unit,NO2 per 10 units,NO2,Q4 reference,1.1597701286215296,217632,998,TRUE,1000,218,0.09812129058536856
LI,Liver,no2,no2_10unit,NO2 per 10 units,NO2,Q4 reference,1.1597701286215296,217632,998,TRUE,1000,223,0.09911825028180277
LI,Liver,no2,no2_10unit,NO2 per 10 units,NO2,Q4 reference,1.1597701286215296,217632,998,TRUE,1000,225,0.1001214984558143
LI,Liver,no2,no2_10unit,NO2 per 10 units,NO2,Q4 reference,1.1597701286215296,217632,998,TRUE,1000,226,0.10112475749618743
LI,Liver,no2,no2_10unit,NO2 per 10 units,NO2,Q4 reference,1.1597701286215296,217632,998,TRUE,1000,229,0.102130297366815
LI,Liver,no2,no2_10unit,NO2 per 10 units,NO2,Q4 reference,1.1597701286215296,217632,998,TRUE,1000,230,0.1031357799935867
LI,Liver,no2,no2_10unit,NO2 per 10 units,NO2,Q4 reference,1.1597701286215296,217632,998,TRUE,1000,232,0.10414245780873643
LI,Liver,no2,no2_10unit,NO2 per 10 units,NO2,Q4 reference,1.1597701286215296,217632,998,TRUE,1000,251,0.1051530365789668
LI,Liver,no2,no2_10unit,NO2 per 10 units,NO2,Q4 reference,1.1597701286215296,217632,998,TRUE,1000,252,0.10616467797123175
LI,Liver,no2,no2_10unit,NO2 per 10 units,NO2,Q4 reference,1.1597701286215296,217632,998,TRUE,1000,272,0.10717709646565043
LI,Liver,no2,no2_10unit,NO2 per 10 units,NO2,Q4 reference,1.1597701286215296,217632,998,TRUE,1000,274,0.10819007070377673
LI,Liver,no2,no2_10unit,NO2 per 10 units,NO2,Q4 reference,1.1597701286215296,217632,998,TRUE,1000,278,0.10920330349665086
LI,Liver,no2,no2_10unit,NO2 per 10 units,NO2,Q4 reference,1.1597701286215296,217632,998,TRUE,1000,279,0.11021972656041668
LI,Liver,no2,no2_10unit,NO2 per 10 units,NO2,Q4 reference,1.1597701286215296,217632,998,TRUE,1000,283,0.1112371289150137
LI,Liver,no2,no2_10unit,NO2 per 10 units,NO2,Q4 reference,1.1597701286215296,217632,998,TRUE,1000,284,0.11225493402710274
LI,Liver,no2,no2_10unit,NO2 per 10 units,NO2,Q4 reference,1.1597701286215296,217632,998,TRUE,1000,290,0.11327229144998241
LI,Liver,no2,no2_10unit,NO2 per 10 units,NO2,Q4 reference,1.1597701286215296,217632,998,TRUE,1000,295,0.11530836323181937
LI,Liver,no2,no2_10unit,NO2 per 10 units,NO2,Q4 reference,1.1597701286215296,217632,998,TRUE,1000,298,0.11632871647328924
LI,Liver,no2,no2_10unit,NO2 per 10 units,NO2,Q4 reference,1.1597701286215296,217632,998,TRUE,1000,302,0.11735273206329955
LI,Liver,no2,no2_10unit,NO2 per 10 units,NO2,Q4 reference,1.1597701286215296,217632,998,TRUE,1000,322,0.11837975397803735
LI,Liver,no2,no2_10unit,NO2 per 10 units,NO2,Q4 reference,1.1597701286215296,217632,998,TRUE,1000,330,0.11940979554536235
LI,Liver,no2,no2_10unit,NO2 per 10 units,NO2,Q4 reference,1.1597701286215296,217632,998,TRUE,1000,331,0.12043928366217338
LI,Liver,no2,no2_10unit,NO2 per 10 units,NO2,Q4 reference,1.1597701286215296,217632,998,TRUE,1000,334,0.12147009998496094
LI,Liver,no2,no2_10unit,NO2 per 10 units,NO2,Q4 reference,1.1597701286215296,217632,998,TRUE,1000,335,0.12250030512051613
LI,Liver,no2,no2_10unit,NO2 per 10 units,NO2,Q4 reference,1.1597701286215296,217632,998,TRUE,1000,345,0.1235315955948122
LI,Liver,no2,no2_10unit,NO2 per 10 units,NO2,Q4 reference,1.1597701286215296,217632,998,TRUE,1000,366,0.12456299329061471
LI,Liver,no2,no2_10unit,NO2 per 10 units,NO2,Q4 reference,1.1597701286215296,217632,998,TRUE,1000,368,0.12559532878540358
LI,Liver,no2,no2_10unit,NO2 per 10 units,NO2,Q4 reference,1.1597701286215296,217632,998,TRUE,1000,372,0.12662813626334668
LI,Liver,no2,no2_10unit,NO2 per 10 units,NO2,Q4 reference,1.1597701286215296,217632,998,TRUE,1000,373,0.12766093054306604
LI,Liver,no2,no2_10unit,NO2 per 10 units,NO2,Q4 reference,1.1597701286215296,217632,998,TRUE,1000,377,0.1286941403629035
LI,Liver,no2,no2_10unit,NO2 per 10 units,NO2,Q4 reference,1.1597701286215296,217632,998,TRUE,1000,381,0.1297269061713333
LI,Liver,no2,no2_10unit,NO2 per 10 units,NO2,Q4 reference,1.1597701286215296,217632,998,TRUE,1000,390,0.13075966830019037
LI,Liver,no2,no2_10unit,NO2 per 10 units,NO2,Q4 reference,1.1597701286215296,217632,998,TRUE,1000,394,0.13179261355556193
LI,Liver,no2,no2_10unit,NO2 per 10 units,NO2,Q4 reference,1.1597701286215296,217632,998,TRUE,1000,407,0.13282520132617093
LI,Liver,no2,no2_10unit,NO2 per 10 units,NO2,Q4 reference,1.1597701286215296,217632,998,TRUE,1000,414,0.13385906643374745
LI,Liver,no2,no2_10unit,NO2 per 10 units,NO2,Q4 reference,1.1597701286215296,217632,998,TRUE,1000,429,0.1348947112393185
LI,Liver,no2,no2_10unit,NO2 per 10 units,NO2,Q4 reference,1.1597701286215296,217632,998,TRUE,1000,439,0.13593743897578292
LI,Liver,no2,no2_10unit,NO2 per 10 units,NO2,Q4 reference,1.1597701286215296,217632,998,TRUE,1000,444,0.13698006891580605
LI,Liver,no2,no2_10unit,NO2 per 10 units,NO2,Q4 reference,1.1597701286215296,217632,998,TRUE,1000,455,0.1390670167258512
LI,Liver,no2,no2_10unit,NO2 per 10 units,NO2,Q4 reference,1.1597701286215296,217632,998,TRUE,1000,519,0.14012454883948178
LI,Liver,no2,no2_10unit,NO2 per 10 units,NO2,Q4 reference,1.1597701286215296,217632,998,TRUE,1000,526,0.14118278973599874
LI,Liver,no2,no2_10unit,NO2 per 10 units,NO2,Q4 reference,1.1597701286215296,217632,998,TRUE,1000,529,0.1422427206498611
LI,Liver,no2,no2_10unit,NO2 per 10 units,NO2,Q4 reference,1.1597701286215296,217632,998,TRUE,1000,532,0.143306059490396
LI,Liver,no2,no2_10unit,NO2 per 10 units,NO2,Q4 reference,1.1597701286215296,217632,998,TRUE,1000,553,0.1443701451338706
LI,Liver,no2,no2_10unit,NO2 per 10 units,NO2,Q4 reference,1.1597701286215296,217632,998,TRUE,1000,557,0.14543598849356265
LI,Liver,no2,no2_10unit,NO2 per 10 units,NO2,Q4 reference,1.1597701286215296,217632,998,TRUE,1000,568,0.14650144593977465
LI,Liver,no2,no2_10unit,NO2 per 10 units,NO2,Q4 reference,1.1597701286215296,217632,998,TRUE,1000,575,0.14756813873040486
LI,Liver,no2,no2_10unit,NO2 per 10 units,NO2,Q4 reference,1.1597701286215296,217632,998,TRUE,1000,587,0.14863647530278712
LI,Liver,no2,no2_10unit,NO2 per 10 units,NO2,Q4 reference,1.1597701286215296,217632,998,TRUE,1000,602,0.14970536781564137
LI,Liver,no2,no2_10unit,NO2 per 10 units,NO2,Q4 reference,1.1597701286215296,217632,998,TRUE,1000,603,0.1507742539895366
LI,Liver,no2,no2_10unit,NO2 per 10 units,NO2,Q4 reference,1.1597701286215296,217632,998,TRUE,1000,619,0.151855968576171
LI,Liver,no2,no2_10unit,NO2 per 10 units,NO2,Q4 reference,1.1597701286215296,217632,998,TRUE,1000,621,0.15293859032493395
LI,Liver,no2,no2_10unit,NO2 per 10 units,NO2,Q4 reference,1.1597701286215296,217632,998,TRUE,1000,629,0.1551016848180713
LI,Liver,no2,no2_10unit,NO2 per 10 units,NO2,Q4 reference,1.1597701286215296,217632,998,TRUE,1000,634,0.1561849979188643
LI,Liver,no2,no2_10unit,NO2 per 10 units,NO2,Q4 reference,1.1597701286215296,217632,998,TRUE,1000,651,0.157269570223053
LI,Liver,no2,no2_10unit,NO2 per 10 units,NO2,Q4 reference,1.1597701286215296,217632,998,TRUE,1000,667,0.15835370785279013
LI,Liver,no2,no2_10unit,NO2 per 10 units,NO2,Q4 reference,1.1597701286215296,217632,998,TRUE,1000,687,0.1594397220203595
LI,Liver,no2,no2_10unit,NO2 per 10 units,NO2,Q4 reference,1.1597701286215296,217632,998,TRUE,1000,690,0.16052753152101185
LI,Liver,no2,no2_10unit,NO2 per 10 units,NO2,Q4 reference,1.1597701286215296,217632,998,TRUE,1000,712,0.1616221008683678
LI,Liver,no2,no2_10unit,NO2 per 10 units,NO2,Q4 reference,1.1597701286215296,217632,998,TRUE,1000,726,0.162716720222275
LI,Liver,no2,no2_10unit,NO2 per 10 units,NO2,Q4 reference,1.1597701286215296,217632,998,TRUE,1000,743,0.16381045320178889
LI,Liver,no2,no2_10unit,NO2 per 10 units,NO2,Q4 reference,1.1597701286215296,217632,998,TRUE,1000,808,0.1649137492087025
LI,Liver,no2,no2_10unit,NO2 per 10 units,NO2,Q4 reference,1.1597701286215296,217632,998,TRUE,1000,811,0.1660161151416153
LI,Liver,no2,no2_10unit,NO2 per 10 units,NO2,Q4 reference,1.1597701286215296,217632,998,TRUE,1000,816,0.1671188222517701
LI,Liver,no2,no2_10unit,NO2 per 10 units,NO2,Q4 reference,1.1597701286215296,217632,998,TRUE,1000,817,0.16822239868581912
LI,Liver,no2,no2_10unit,NO2 per 10 units,NO2,Q4 reference,1.1597701286215296,217632,998,TRUE,1000,850,0.169326876315963
LI,Liver,no2,no2_10unit,NO2 per 10 units,NO2,Q4 reference,1.1597701286215296,217632,998,TRUE,1000,891,0.17043165779162617
LI,Liver,no2,no2_10unit,NO2 per 10 units,NO2,Q4 reference,1.1597701286215296,217632,998,TRUE,1000,921,0.17153851402863474
LI,Liver,no2,no2_10unit,NO2 per 10 units,NO2,Q4 reference,1.1597701286215296,217632,998,TRUE,1000,944,0.17264511145081762
LI,Liver,no2,no2_10unit,NO2 per 10 units,NO2,Q4 reference,1.1597701286215296,217632,998,TRUE,1000,980,0.1737517494841022
LI,Liver,no2,no2_10unit,NO2 per 10 units,NO2,Q4 reference,1.1597701286215296,217632,998,TRUE,1000,1015,0.17486977441451945
LI,Liver,no2,no2_10unit,NO2 per 10 units,NO2,Q4 reference,1.1597701286215296,217632,998,TRUE,1000,1185,0.17600115508226144
LI,Liver,no2,no2_10unit,NO2 per 10 units,NO2,Q4 reference,1.1597701286215296,217632,998,TRUE,1000,1186,0.17713249925898122
LI,Liver,no2,no2_10unit,NO2 per 10 units,NO2,Q4 reference,1.1597701286215296,217632,998,TRUE,1000,1219,0.1782632338057809
LI,Liver,no2,no2_10unit,NO2 per 10 units,NO2,Q4 reference,1.1597701286215296,217632,998,TRUE,1000,1255,0.17940791631535413
LI,Liver,no2,no2_10unit,NO2 per 10 units,NO2,Q4 reference,1.1597701286215296,217632,998,TRUE,1000,1296,0.18055267733181113
LI,Liver,no2,no2_10unit,NO2 per 10 units,NO2,Q4 reference,1.1597701286215296,217632,998,TRUE,1000,1390,0.1817203263326811
LI,Liver,no2,no2_10unit,NO2 per 10 units,NO2,Q4 reference,1.1597701286215296,217632,998,TRUE,1000,1498,0.18290953539084376
LI,Liver,no2,no2_10unit,NO2 per 10 units,NO2,Q4 reference,1.1597701286215296,217632,998,TRUE,1000,1550,0.18412271660415025
LI,Liver,no2,no2_10unit,NO2 per 10 units,NO2,Q4 reference,1.1597701286215296,217632,998,TRUE,1000,1596,0.18533522082957854
LI,Liver,no2,no2_10unit,NO2 per 10 units,NO2,Q4 reference,1.1597701286215296,217632,998,TRUE,1000,1867,0.18657797950813948
LI,Liver,no2,no2_10unit,NO2 per 10 units,NO2,Q4 reference,1.1597701286215296,217632,998,TRUE,1000,2754,0.18797044180711475
LI,Liver,no2,no2_10unit,NO2 per 10 units,NO2,Q4 reference,1.1597701286215296,217632,998,TRUE,1000,2786,0.18936147168195872
LI,Liver,no2,no2_10unit,NO2 per 10 units,NO2,Q4 reference,1.1597701286215296,217632,998,TRUE,1000,3002,0.19075328602220543
LI,Liver,no2,no2_10unit,NO2 per 10 units,NO2,Q4 reference,1.1597701286215296,217632,998,TRUE,1000,3069,0.19214699407141755
LI,Liver,no2,no2_10unit,NO2 per 10 units,NO2,Q4 reference,1.1597701286215296,217632,998,TRUE,1000,3990,0.19447958560682221
