year,file,path,rows,size_bytes,size_mb,sha256
2005,gridmet_zcta_daily_2005.parquet,C:/Users/Peter Graffy/Documents/GitHub/environment_transplant_survival/data/release/gridmet_zcta_daily_parquet/gridmet_zcta_daily_2005.parquet,12154500,436655954,416.4,956a4a363bfb0328a2d06e684f8571af16f02df07367a72cc9b26c2e364465c1
2006,gridmet_zcta_daily_2006.parquet,C:/Users/Peter Graffy/Documents/GitHub/environment_transplant_survival/data/release/gridmet_zcta_daily_parquet/gridmet_zcta_daily_2006.parquet,12154500,437075594,416.8,653b11a071c9be3b6d0f5d04ca54e93e8e7b10a4200179506d9b5d3b76367965
2007,gridmet_zcta_daily_2007.parquet,C:/Users/Peter Graffy/Documents/GitHub/environment_transplant_survival/data/release/gridmet_zcta_daily_parquet/gridmet_zcta_daily_2007.parquet,12154500,438579824,418.3,21c0b7b48261733d07b16e33731bd1e6788c8214c03f30ae8ea6e2e60d28ca24
2008,gridmet_zcta_daily_2008.parquet,C:/Users/Peter Graffy/Documents/GitHub/environment_transplant_survival/data/release/gridmet_zcta_daily_parquet/gridmet_zcta_daily_2008.parquet,12187800,436173638,416,90f16ee9df104bfde3b9a153bf5d1f866e7dfe7fca4c8ba70eb8a95c3f9ac3a6
2009,gridmet_zcta_daily_2009.parquet,C:/Users/Peter Graffy/Documents/GitHub/environment_transplant_survival/data/release/gridmet_zcta_daily_parquet/gridmet_zcta_daily_2009.parquet,12154500,438244225,417.9,7f361a63b07e6588b6d17567dc0f30726bb40cd4a264195f1642ad95bdcc1ffa
2010,gridmet_zcta_daily_2010.parquet,C:/Users/Peter Graffy/Documents/GitHub/environment_transplant_survival/data/release/gridmet_zcta_daily_parquet/gridmet_zcta_daily_2010.parquet,12154500,441980275,421.5,b5fac2ceb187ee34fb3c5cf6bcba9d84e897bc2dcc9b818ae929452a9095180f
2011,gridmet_zcta_daily_2011.parquet,C:/Users/Peter Graffy/Documents/GitHub/environment_transplant_survival/data/release/gridmet_zcta_daily_parquet/gridmet_zcta_daily_2011.parquet,12154500,440182066,419.8,413791ae7f0eefd625ed15bb5c0a9e16e3bbb5d99677f175ac2b11c7ce013fea
2012,gridmet_zcta_daily_2012.parquet,C:/Users/Peter Graffy/Documents/GitHub/environment_transplant_survival/data/release/gridmet_zcta_daily_parquet/gridmet_zcta_daily_2012.parquet,12187800,437201322,416.9,e786bccb1c2e8e7031f84a2be9d945e4f7de63c3192e9ddf061952a8acce16b9
2013,gridmet_zcta_daily_2013.parquet,C:/Users/Peter Graffy/Documents/GitHub/environment_transplant_survival/data/release/gridmet_zcta_daily_parquet/gridmet_zcta_daily_2013.parquet,12154500,438054878,417.8,fc11959170643d1319939a643833c7d4fb79646d86cecb887ebb2f59d3dc4579
2014,gridmet_zcta_daily_2014.parquet,C:/Users/Peter Graffy/Documents/GitHub/environment_transplant_survival/data/release/gridmet_zcta_daily_parquet/gridmet_zcta_daily_2014.parquet,12154500,443589417,423,c86ecc7fece9316b18367cd569df5ceccf776af24e61459cfd72b906984e638f
2015,gridmet_zcta_daily_2015.parquet,C:/Users/Peter Graffy/Documents/GitHub/environment_transplant_survival/data/release/gridmet_zcta_daily_parquet/gridmet_zcta_daily_2015.parquet,12154500,441569913,421.1,5877ee4b3d8ecef019c4548c290d07692da65ef25152218945be8171cd4af409
2016,gridmet_zcta_daily_2016.parquet,C:/Users/Peter Graffy/Documents/GitHub/environment_transplant_survival/data/release/gridmet_zcta_daily_parquet/gridmet_zcta_daily_2016.parquet,12187800,438588668,418.3,f3f282de876965cce6b40fd2f653a3d79993a209a61acc13a4c2a8adcc1e08d9
2017,gridmet_zcta_daily_2017.parquet,C:/Users/Peter Graffy/Documents/GitHub/environment_transplant_survival/data/release/gridmet_zcta_daily_parquet/gridmet_zcta_daily_2017.parquet,12154500,441506354,421.1,ab52ea0f0cb31412df00307491b6d31bafcf3eabf714cc886fda84200042cf6c
2018,gridmet_zcta_daily_2018.parquet,C:/Users/Peter Graffy/Documents/GitHub/environment_transplant_survival/data/release/gridmet_zcta_daily_parquet/gridmet_zcta_daily_2018.parquet,12154500,442408119,421.9,628c751a1780486ece055f2412af4bb03bc1a1579e647d016749ff8c9ffaee54
2019,gridmet_zcta_daily_2019.parquet,C:/Users/Peter Graffy/Documents/GitHub/environment_transplant_survival/data/release/gridmet_zcta_daily_parquet/gridmet_zcta_daily_2019.parquet,12154500,440922008,420.5,6e074b3d6585ead833f34015542f413512113e1032044c6bc4a90103cfb67a1d
2020,gridmet_zcta_daily_2020.parquet,C:/Users/Peter Graffy/Documents/GitHub/environment_transplant_survival/data/release/gridmet_zcta_daily_parquet/gridmet_zcta_daily_2020.parquet,12187800,438989084,418.7,d943e0f9106e63d437e03828661220fe48a3976893dd56ab34911cfa57547448
2021,gridmet_zcta_daily_2021.parquet,C:/Users/Peter Graffy/Documents/GitHub/environment_transplant_survival/data/release/gridmet_zcta_daily_parquet/gridmet_zcta_daily_2021.parquet,12154500,441224694,420.8,ba35e3a78303eb0ae78127f337379cedbbb1090f85f266496070367198c1da89
2022,gridmet_zcta_daily_2022.parquet,C:/Users/Peter Graffy/Documents/GitHub/environment_transplant_survival/data/release/gridmet_zcta_daily_parquet/gridmet_zcta_daily_2022.parquet,12154500,444034859,423.5,281546816395cec4cc07c7af1c86151710c2fce4d2bd37e48e3b91198bc9fde1
2023,gridmet_zcta_daily_2023.parquet,C:/Users/Peter Graffy/Documents/GitHub/environment_transplant_survival/data/release/gridmet_zcta_daily_parquet/gridmet_zcta_daily_2023.parquet,12154500,441168248,420.7,8f2dbfda235dcd13743ec1eec73dca33976aec426457aa91750004668824002f
2024,gridmet_zcta_daily_2024.parquet,C:/Users/Peter Graffy/Documents/GitHub/environment_transplant_survival/data/release/gridmet_zcta_daily_parquet/gridmet_zcta_daily_2024.parquet,12187800,439926750,419.5,9bce1439849e988049363bf96ff8c8633322124c10d26ac2df34a5a2701b159b
2025,gridmet_zcta_daily_2025.parquet,C:/Users/Peter Graffy/Documents/GitHub/environment_transplant_survival/data/release/gridmet_zcta_daily_parquet/gridmet_zcta_daily_2025.parquet,12154500,441600638,421.1,ddce9e2d50faafde9f482acbf447839d9a60c97b5daa590605072d149d0fd915
